team,pos,no,namea,nameb,OFF,PHY,STA,DEF,MEN,TEC,sum,年齢,年俸,div
六辻ヴェルティア,GK,1,田中 哲也,たなか てつや,92,284,293,319,115,288,1391,,,1
六辻ヴェルティア,GK,21,佐藤 正樹,さとう まさき,16,367,250,426,233,331,1623,,,1
六辻ヴェルティア,GK,30,高橋 剛,たかはし ごう,41,359,261,387,125,208,1381,,,1
六辻ヴェルティア,DF,2,木村 勝,きむら まさる,238,327,395,346,231,116,1653,,,1
六辻ヴェルティア,DF,3,清水 剛,しみず たけし,95,340,399,384,305,298,1821,,,1
六辻ヴェルティア,DF,4,前田 浩二,まえだ こうじ,229,440,246,374,346,221,1856,,,1
六辻ヴェルティア,DF,5,高橋 幸平,たかはし こうへい,28,441,432,316,362,278,1857,,,1
六辻ヴェルティア,DF,13,落合 直樹,おちあい なおき,153,441,370,423,341,268,1996,,,1
六辻ヴェルティア,DF,22,加藤 雄,かとう ゆう,51,443,295,302,358,162,1611,,,1
六辻ヴェルティア,DF,24,多田 直人,ただ なおと,227,488,301,423,498,373,2310,,,1
六辻ヴェルティア,DF,32,石井 次郎,いしい じろう,28,497,388,359,207,387,1866,,,1
六辻ヴェルティア,DF,33,伊藤 正輝,いとう まさき,24,345,364,369,274,112,1488,,,1
六辻ヴェルティア,MF,6,平井 茂樹,ひらい しげき,236,394,285,278,205,388,1786,,,1
六辻ヴェルティア,MF,8,田中 鉄兵,たなか てっぺい,330,238,436,334,121,345,1804,,,1
六辻ヴェルティア,MF,10,松下 優,まつした ゆう,372,324,201,272,24,208,1401,,,1
六辻ヴェルティア,MF,14,山口 隆史,やまぐち たかふみ,211,369,213,304,304,375,1776,,,1
六辻ヴェルティア,MF,16,小山 光一,こやま こういち,385,235,480,336,30,341,1807,,,1
六辻ヴェルティア,MF,19,キム・ジュン,キム・ジュン,303,236,410,335,486,206,1976,,,1
六辻ヴェルティア,MF,23,那須 翔太,なす しょうた,388,364,292,260,150,346,1800,,,1
六辻ヴェルティア,MF,25,齊藤 孝志,さいとう たかし,254,311,404,200,291,342,1802,,,1
六辻ヴェルティア,MF,37,シモーネ・ルッソ・クネゴ,,381,384,365,298,115,356,1899,,,1
六辻ヴェルティア,FW,7,川口 岳,かわぐち がく,478,409,263,142,342,482,2116,,,1
六辻ヴェルティア,FW,9,マシュー・ド・ジョーンズ,,389,342,288,67,118,317,1521,,,1
六辻ヴェルティア,FW,11,松下 大作,まつした だいさく,402,377,394,231,467,445,2316,,,1
六辻ヴェルティア,FW,15,伊藤 晴生,いとう はるお,425,314,347,189,205,361,1841,,,1
六辻ヴェルティア,FW,20,小泉 達矢,こいずみ たつや,451,425,371,94,411,498,2250,,,1
六辻ヴェルティア,FW,27,キム・ヨンホ,,493,441,315,215,289,393,2146,,,1
,,,,,,,,,チーム計,,49094,,,
team,pos,no,namea,nameb,OFF,PHY,STA,DEF,MEN,TEC,sum,年齢,年俸,div
FC山吹,GK,1,薬師 剛司,やくし たけし,32,395,193,451,215,334,1620,,,2
FC山吹,GK,21,塩沢 章郎,しおざわ あきお,19,372,238,447,300,299,1675,,,2
FC山吹,GK,36,坂牧 佳典,さかまき よしのり,47,287,278,306,181,376,1475,,,2
FC山吹,DF,2,古城 元貴,こじょう もとき,52,438,202,340,179,359,1570,,,2
FC山吹,DF,3,イ・ジェヨン,,160,333,277,382,427,240,1819,,,2
FC山吹,DF,4,松前 善裕,まつまえ よしひろ,161,349,406,383,303,258,1860,,,2
FC山吹,DF,5,永安 隆晴,ながやす たかはる,200,253,306,334,353,147,1593,,,2
FC山吹,DF,13,國頭 浩史,くにとう こうじ,200,369,280,353,38,381,1621,,,2
FC山吹,DF,22,島口 重徳,しまぐち しげのり,182,303,370,434,264,247,1800,,,2
FC山吹,DF,24,木次 寧,こつぎ やすし,248,436,438,474,309,294,2199,,,2
FC山吹,DF,25,黄川田 和毅,きかわだ かずき,227,458,400,382,301,201,1969,,,2
FC山吹,DF,33,トーマス・ウェイン・カー,,129,257,434,449,264,285,1818,,,2
FC山吹,MF,6,クラウス・フォン・シュトライト,,216,378,442,364,12,370,1782,,,2
FC山吹,MF,8,根里 岳史,ねざと たけふみ,208,301,281,380,55,313,1538,,,2
FC山吹,MF,10,関根 龍之介,せきね りゅうのすけ,241,216,286,266,309,214,1532,,,2
FC山吹,MF,14,松本 佳一,まつもと けいいち,288,317,335,351,380,283,1954,,,2
FC山吹,MF,16,山口 惇史,やまぐち あつし,204,292,364,350,112,220,1542,,,2
FC山吹,MF,18,石川 治之,いしかわ はるゆき,321,316,397,381,233,342,1990,,,2
FC山吹,MF,23,竹村 智一,たけむら ともかず,241,324,427,303,294,232,1821,,,2
FC山吹,MF,40,古川 俊貴,ふるかわ としき,385,355,221,275,334,286,1856,,,2
FC山吹,MF,37,日高 翼,ひだか つばさ,372,341,261,312,332,266,1884,,,2
FC山吹,FW,7,パク・ユノ,,462,315,248,188,321,415,1949,,,2
FC山吹,FW,9,岡崎 唯,おかざき ゆい,395,427,381,42,114,308,1667,,,2
FC山吹,FW,11,岡本 芳輝,おかもと よしてる,481,291,334,215,479,492,2292,,,2
FC山吹,FW,15,大橋 充洋,おおはし みつひろ,413,368,295,93,206,354,1729,,,2
FC山吹,FW,19,島 英行,しま ひでゆき,447,402,223,137,438,467,2114,,,2
FC山吹,FW,27,土屋 雅孝,つちや まさたか,384,344,369,250,265,383,1995,,,2
,,,,,,,,,チーム計,,48664,,,
team,pos,no,namea,nameb,OFF,PHY,STA,DEF,MEN,TEC,sum,年齢,年俸,div
七沢ユノセラ,GK,1,吉田 達也,よしだ たつや,27,351,151,417,328,326,1600,,,1
七沢ユノセラ,GK,21,高橋 卓也,たかはし たくや,74,299,212,318,61,302,1266,,,1
七沢ユノセラ,GK,30,福田 誠,ふくだ まこと,68,289,119,343,148,207,1174,,,1
七沢ユノセラ,DF,2,石川 翔太,いしかわ しょうた,82,347,254,356,242,186,1467,,,1
七沢ユノセラ,DF,3,井上 修一,いのうえ しゅういち,284,309,310,344,176,222,1645,,,1
七沢ユノセラ,DF,4,鈴木 光宏,すずき みつひろ,278,279,226,403,87,390,1663,,,1
七沢ユノセラ,DF,5,中山 雄太,なかやま ゆうた,206,381,336,446,401,275,2045,,,1
七沢ユノセラ,DF,13,平井 隆,ひらい たかし,87,283,431,378,498,118,1795,,,1
七沢ユノセラ,DF,14,坂本 渉,さかもと わたる,74,460,490,464,42,263,1793,,,1
七沢ユノセラ,DF,22,加藤 和博,かとう かずひろ,54,410,297,437,465,160,1823,,,1
七沢ユノセラ,DF,25,小川 亮,おがわ りょう,274,311,431,350,28,355,1749,,,1
七沢ユノセラ,DF,28,松本 武史,まつもと たけし,164,424,475,398,99,357,1917,,,1
七沢ユノセラ,MF,6,谷本 圭輔,たにもと けいすけ,298,315,444,264,486,293,2100,,,1
七沢ユノセラ,MF,8,濵田 祐一,はまだ ゆういち,251,379,212,244,249,212,1547,,,1
七沢ユノセラ,MF,10,久保 誠,くぼ まこと,226,247,454,343,262,372,1904,,,1
七沢ユノセラ,MF,15,ジェイソン・アラン・クラーク,,230,329,431,338,276,306,1910,,,1
七沢ユノセラ,MF,16,ジャック・アラン・ノーマン,,253,235,243,361,42,215,1349,,,1
七沢ユノセラ,MF,18,石川 祥太,いしかわ しょうた,279,217,367,206,51,369,1489,,,1
七沢ユノセラ,MF,20,石井 浩章,いしい ひろあき,242,305,391,232,148,296,1614,,,1
七沢ユノセラ,MF,21,福島 裕樹,ふくしま ひろき,207,394,345,390,37,322,1695,,,1
七沢ユノセラ,MF,33,中村 芳行,なかむら よしゆき,382,247,494,328,77,211,1739,,,1
七沢ユノセラ,FW,7,ニコラス・ジェイ・ホワイト,,456,413,260,37,158,326,1650,,,1
七沢ユノセラ,FW,9,大橋 治郎,おおはし じろう,461,319,345,250,218,401,1994,,,1
七沢ユノセラ,FW,11,瀧澤 雄二,たきざわ ゆうじ,402,441,357,71,472,355,2098,,,1
七沢ユノセラ,FW,17,徳田 直哉,とくだ なおや,427,345,358,70,344,435,1979,,,1
七沢ユノセラ,FW,19,青山 貴幸,あおやま たかゆき,417,363,351,149,402,302,1984,,,1
七沢ユノセラ,FW,23,渡邉 慶太郎,わたなべ けいたろう,388,316,308,216,285,321,1834,,,1
,,,,,,,,,チーム計,,46823,,,
team,pos,no,namea,nameb,OFF,PHY,STA,DEF,MEN,TEC,sum,年齢,年俸,div
千都アルディーレ,GK,1,高橋 信二,たかはし しんじ,61,361,149,300,52,224,1147,,,1
千都アルディーレ,GK,20,石田 昇,いしだ のぼる,40,309,214,333,214,255,1365,,,1
千都アルディーレ,GK,31,ユン・ウヌ,,40,397,125,467,446,284,1759,,,1
千都アルディーレ,DF,2,レオン・ヴェーバー,,119,442,311,449,436,224,1981,,,1
千都アルディーレ,DF,3,永田 良昌,ながた よしまさ,175,449,361,399,480,275,2139,,,1
千都アルディーレ,DF,4,池野 宗一郎,いけの そういちろう,53,340,305,380,413,145,1636,,,1
千都アルディーレ,DF,5,今井 健二,いまい けんじ,33,452,263,412,453,297,1910,,,1
千都アルディーレ,DF,13,横堀 雄佑,よこぼり ゆうすけ,66,314,294,390,319,148,1531,,,1
千都アルディーレ,DF,15,白方 将,しらかた すすむ,285,396,219,422,271,191,1784,,,1
千都アルディーレ,DF,20,間島 功二郎,まじま こうじろう,244,426,390,469,240,298,2067,,,1
千都アルディーレ,DF,22,郡司 友晴,ぐんじ ともはる,206,310,208,448,55,180,1407,,,1
千都アルディーレ,DF,26,宮内 健,みやうち たつる,185,264,375,404,28,272,1528,,,1
千都アルディーレ,MF,6,北坂 秀明,きたさか ひであき,249,268,231,252,464,208,1672,,,1
千都アルディーレ,MF,8,本橋 玲央奈,もとはし れおな,357,314,313,298,463,363,2108,,,1
千都アルディーレ,MF,14,秦 宗一郎,,358,362,397,333,367,348,2165,,,1
千都アルディーレ,MF,16,小野 宏次,おの こうじ,368,258,300,275,293,393,1887,,,1
千都アルディーレ,MF,17,永吉 啓太,ながよし けいた,217,360,455,222,247,298,1799,,,1
千都アルディーレ,MF,18,ダーン・ウィレムス,,256,263,353,334,193,283,1682,,,1
千都アルディーレ,MF,19,チョン・ウジン,,343,273,343,222,462,226,1869,,,1
千都アルディーレ,MF,21,佐藤 悠,さとう ゆう,397,275,217,383,191,370,1833,,,1
千都アルディーレ,MF,23,山下 拓也,やました たくや,227,220,317,272,198,291,1525,,,1
千都アルディーレ,FW,7,山本 俊之,やまもと としゆき,400,365,373,172,127,316,1753,,,1
千都アルディーレ,FW,9,佐々木 良,ささき りょう,405,416,316,170,134,373,1814,,,1
千都アルディーレ,FW,10,吉原　達也,よしはら　たつや,381,373,371,233,384,445,2187,,,1
千都アルディーレ,FW,11,森 孝之,もり たかゆき,445,308,399,173,218,465,2008,,,1
千都アルディーレ,FW,25,高野 健,たかの たけし,435,385,285,129,499,304,2037,,,1
千都アルディーレ,FW,27,岩本 健二,いわもと けんじ,411,422,283,241,325,388,2070,,,1
,,,,,,,,,チーム計,,48663,,,
team,pos,no,namea,nameb,OFF,PHY,STA,DEF,MEN,TEC,sum,年齢,年俸,div
千都レイヴンス,GK,1,中田 文夫,なかた ふみお,62,398,204,344,386,217,1611,,,1
千都レイヴンス,GK,21,三原 茂彰,みはら しげあき,16,289,235,443,10,325,1318,,,1
千都レイヴンス,GK,30,清水 守,しみず まもる,29,283,283,413,93,299,1400,,,1
千都レイヴンス,DF,2,前田 武,まえだ たけし,155,298,394,364,482,379,2072,,,1
千都レイヴンス,DF,3,小池 聡,こいけ さとし,140,481,375,308,263,163,1730,,,1
千都レイヴンス,DF,4,遠藤 貴裕,えんどう たかひろ,98,263,276,415,438,169,1659,,,1
千都レイヴンス,DF,5,大谷 司,おおたに つかさ,205,366,351,397,349,380,2048,,,1
千都レイヴンス,DF,13,藤田 陸,ふじた りく,56,256,253,336,345,234,1480,,,1
千都レイヴンス,DF,14,山中 光一,やまなか こういち,40,334,288,302,162,268,1394,,,1
千都レイヴンス,DF,17,山田 治夫,やまだ はるお,236,412,207,443,411,381,2090,,,1
千都レイヴンス,DF,22,野崎 章,のざき あきら,13,340,459,312,431,333,1888,,,1
千都レイヴンス,DF,24,岡田 優,おかだ すぐる,192,288,319,387,349,134,1669,,,1
千都レイヴンス,MF,6,前田 貴仁,まえだ たかひと,319,362,353,341,63,227,1665,,,1
千都レイヴンス,MF,7,堺 豊,さかい ゆたか,300,391,450,377,491,339,2348,,,1
千都レイヴンス,MF,8,石原 雅章,いしはら まさあき,236,380,483,380,283,213,1975,,,1
千都レイヴンス,MF,15,尾崎 克之,おざき かつゆき,288,223,341,279,45,330,1506,,,1
千都レイヴンス,MF,16,徳永 強,とくなが つよし,316,303,404,381,29,214,1647,,,1
千都レイヴンス,MF,18,吉岡 雅,よしおか まさし,321,366,340,342,436,283,2088,,,1
千都レイヴンス,MF,20,澤井 誠一,さわい せいいち,389,262,429,340,376,317,2113,,,1
千都レイヴンス,MF,23,木村 隆嗣,きむら たかつぐ,286,327,485,292,84,325,1799,,,1
千都レイヴンス,MF,25,岩田 惇,いわた じゅん,251,337,493,234,212,286,1813,,,1
千都レイヴンス,FW,9,北川 正治,きたがわ しょうじ,440,412,327,185,412,396,2172,,,1
千都レイヴンス,FW,10,カイオ・テイシェイラ,,439,373,323,111,112,408,1766,,,1
千都レイヴンス,FW,11,ミン・ジュヌ,,431,407,246,148,144,374,1750,,,1
千都レイヴンス,FW,19,マテオ・フローレス,,405,426,394,231,184,414,2054,,,1
千都レイヴンス,FW,27,町田 竜太,まちだ りょうた,465,322,354,190,476,498,2305,,,1
千都レイヴンス,FW,31,中川 諒平,なかがわ りょうへい,489,448,313,205,344,414,2213,,,1
,,,,,,,,,チーム計,,49573,,,
team,pos,no,namea,nameb,OFF,PHY,STA,DEF,MEN,TEC,sum,年齢,年俸,div
梅郷アマリリス,GK,1,チョ・ジュヌ,,100,288,208,452,420,379,1847,,,2
梅郷アマリリス,GK,21,奥泉 貴之,おくいずみ たかゆき,47,338,175,309,262,240,1371,,,2
梅郷アマリリス,GK,30,立野 祐也,たての ゆうや,87,356,236,472,204,316,1671,,,2
梅郷アマリリス,DF,2,石野 和巳,いしの かずみ,135,369,410,336,198,183,1631,,,2
梅郷アマリリス,DF,3,雨宮 昌典,あめみや まさのり,272,438,460,351,383,345,2249,,,2
梅郷アマリリス,DF,4,岡村 高則,おかむら たかのり,105,379,449,381,439,381,2134,,,2
梅郷アマリリス,DF,5,藤沼 研,ふじぬま けん,261,489,330,324,287,218,1909,,,2
梅郷アマリリス,DF,13,水口 典史,みずぐち のりふみ,88,440,427,337,176,391,1859,,,2
梅郷アマリリス,DF,14,前野 竜士,まえの りゅうじ,208,417,464,354,52,384,1879,,,2
梅郷アマリリス,DF,17,木庭 寛,こば ひろし,230,335,229,399,396,157,1746,,,2
梅郷アマリリス,DF,22,野崎 政男,のざき まさお,126,367,354,485,110,269,1711,,,2
梅郷アマリリス,DF,24,安井 惇,やすい じゅん,70,467,454,480,330,183,1984,,,2
梅郷アマリリス,MF,6,金 友行,きん ともゆき,215,230,349,291,345,318,1748,,,2
梅郷アマリリス,MF,7,仲谷 康之,なかや やすゆき,396,379,485,336,466,265,2327,,,2
梅郷アマリリス,MF,8,新村 耕太,にいむら こうた,247,311,237,209,370,345,1719,,,2
梅郷アマリリス,MF,15,南川 和,みなみかわ かず,285,357,333,392,140,373,1880,,,2
梅郷アマリリス,MF,16,梶原 みのる,かじわら みのる,207,238,203,207,461,355,1671,,,2
梅郷アマリリス,MF,18,ムリーロ・ソウザ,,275,238,232,221,409,235,1610,,,2
梅郷アマリリス,MF,20,松浦 武則,まつうら たけのり,324,245,376,398,224,348,1915,,,2
梅郷アマリリス,MF,23,タイス・ファン・ダイク,,285,260,488,362,496,233,2124,,,2
梅郷アマリリス,MF,25,ヨナス・ヴェーバー,,338,349,240,268,422,240,1857,,,2
梅郷アマリリス,FW,9,立石 高秀,たていし たかひで,403,362,291,74,185,421,1736,,,2
梅郷アマリリス,FW,10,氏家 大将,うじいえ だいすけ,491,285,354,211,439,316,2096,,,2
梅郷アマリリス,FW,11,永盛 豪,ながもり ごう,427,443,238,129,312,485,2034,,,2
梅郷アマリリス,FW,19,田渕 雄士,たぶち ゆうし,466,319,387,43,257,359,1831,,,2
梅郷アマリリス,FW,27,山澤 悠生,やまざわ ゆうき,388,408,315,196,494,447,2248,,,2
梅郷アマリリス,FW,31,大瀬戸 博一,おおせど ひろかず,452,341,266,248,106,392,1805,,,2
,,,,,,,,,チーム計,,50592,,,
team,pos,no,namea,nameb,OFF,PHY,STA,DEF,MEN,TEC,sum,年齢,年俸,div
都井沢レガリスタ,GK,1,鈴木 健一,すずき けんいち,17,355,233,499,287,391,1782,,,1
都井沢レガリスタ,GK,21,佐藤 裕介,さとう ゆうすけ,62,293,137,370,311,327,1500,,,1
都井沢レガリスタ,GK,30,鈴木 洋介,すずき ようすけ,75,399,262,404,442,294,1876,,,1
都井沢レガリスタ,DF,2,佐々木 卓也,ささき たくや,109,418,410,493,372,258,2060,,,1
都井沢レガリスタ,DF,3,石川 陽介,いしかわ ようすけ,133,328,331,451,393,333,1969,,,1
都井沢レガリスタ,DF,4,鈴木 義則,すずき よしのり,290,317,404,440,266,203,1920,,,1
都井沢レガリスタ,DF,5,村上 稔,むらかみ みのる,273,472,259,369,18,174,1565,,,1
都井沢レガリスタ,DF,13,岡本 晃,おかもと あきら,187,365,301,469,228,147,1697,,,1
都井沢レガリスタ,DF,20,大野 英樹,おおの ひでき,279,497,291,308,253,118,1746,,,1
都井沢レガリスタ,DF,22,岡田 渉,おかだ わたる,29,262,372,443,425,285,1816,,,1
都井沢レガリスタ,DF,24,山口 敦史,やまぐち あつし,44,258,311,454,392,144,1603,,,1
都井沢レガリスタ,DF,33,森 宏幸,もり ひろゆき,72,481,491,461,375,182,2062,,,1
都井沢レガリスタ,MF,6,川本 徹,かわもと とおる,240,323,299,389,67,305,1623,,,1
都井沢レガリスタ,MF,8,田村 一也,たむら かずや,309,369,496,257,279,210,1920,,,1
都井沢レガリスタ,MF,9,伊藤 遼太,いとう りょうた,374,349,399,291,354,293,2060,,,1
都井沢レガリスタ,MF,14,高橋 敏文,たかはし としふみ,338,314,233,307,153,332,1677,,,1
都井沢レガリスタ,MF,15,岡野 茂,おかの しげる,362,211,220,243,69,336,1441,,,1
都井沢レガリスタ,MF,25,松永 剛,まつなが たけし,292,262,478,385,266,399,2082,,,1
都井沢レガリスタ,MF,26,山田 太一郎,やまだ たいちろう,236,237,352,270,39,347,1481,,,1
都井沢レガリスタ,MF,27,伊藤 正哉,いとう まさや,302,298,330,341,373,351,1995,,,1
都井沢レガリスタ,MF,31,石井 正己,いしい まさみ,361,311,200,305,243,201,1621,,,1
都井沢レガリスタ,FW,7,齊藤 信幸,さいとう のぶゆき,411,348,267,125,412,385,1948,,,1
都井沢レガリスタ,FW,10,平野 光雄,ひらの みつお,418,340,316,191,341,316,1922,,,1
都井沢レガリスタ,FW,11,織田 浩司,おだ こうじ,417,286,285,201,304,416,1909,,,1
都井沢レガリスタ,FW,16,福原 和幸,ふくはら かずゆき,394,283,327,157,449,306,1916,,,1
都井沢レガリスタ,FW,17,福山 弘樹,ふくやま ひろき,386,319,348,93,331,405,1882,,,1
都井沢レガリスタ,FW,18,安藤 尚志,あんどう たかし,471,396,362,236,206,370,2041,,,1
,,,,,,,,,チーム計,,49114,,,
team,pos,no,namea,nameb,OFF,PHY,STA,DEF,MEN,TEC,sum,年齢,年俸,div
都井沢マリリオ,GK,1,吉田 裕治,よしだ ゆうじ,66,313,123,304,93,358,1257,,,1
都井沢マリリオ,GK,31,池田 正之,いけだ まさゆき,33,339,155,440,487,307,1761,,,1
都井沢マリリオ,GK,36,石井 裕樹,いしい ゆうき,90,390,246,496,280,337,1839,,,1
都井沢マリリオ,DF,2,新井 章,あらい あきら,211,381,467,414,393,158,2024,,,1
都井沢マリリオ,DF,3,西川 智也,にしかわ ともや,84,481,252,455,20,288,1580,,,1
都井沢マリリオ,DF,4,高山 雅彦,たかやま まさひこ,23,414,365,309,417,164,1692,,,1
都井沢マリリオ,DF,5,小林 勝幸,こばやし かつゆき,216,460,333,321,476,146,1952,,,1
都井沢マリリオ,DF,13,二宮 淳,にのみや じゅん,203,266,238,343,439,154,1643,,,1
都井沢マリリオ,DF,14,伊藤 知広,いとう ともひろ,180,302,288,314,410,271,1765,,,1
都井沢マリリオ,DF,15,岡村 伸一,おかむら しんいち,191,358,320,303,152,265,1589,,,1
都井沢マリリオ,DF,16,浅田 正樹,あさだ まさき,191,478,464,475,155,117,1880,,,1
都井沢マリリオ,DF,20,後藤 泰久,ごとう やすひさ,74,430,394,347,167,288,1700,,,1
都井沢マリリオ,MF,6,斉藤 直幸,さいとう なおゆき,340,234,364,285,252,351,1826,,,1
都井沢マリリオ,MF,8,杉本 康一,すぎもと こういち,399,385,205,237,74,251,1551,,,1
都井沢マリリオ,MF,16,齋藤 明久,さいとう あきひさ,203,340,402,332,256,207,1740,,,1
都井沢マリリオ,MF,17,村上 浩輔,むらかみ こうすけ,261,348,262,353,83,320,1627,,,1
都井沢マリリオ,MF,18,近藤 和英,こんどう かずひで,291,285,464,385,183,327,1935,,,1
都井沢マリリオ,MF,21,小川 順一郎,おがわ じゅんいちろう,324,379,319,223,435,368,2048,,,1
都井沢マリリオ,MF,22,根本 譲,ねもと ゆずる,332,272,320,324,64,263,1575,,,1
都井沢マリリオ,MF,24,嶋 博,しま ひろし,209,230,428,246,383,302,1798,,,1
都井沢マリリオ,MF,27,小川 伸樹,おがわ のぶき,203,384,228,364,465,255,1899,,,1
都井沢マリリオ,FW,7,桐山 仁,きりやま ひとし,397,281,328,62,103,306,1477,,,1
都井沢マリリオ,FW,9,オタヴィオ・ヌネス,,406,301,344,133,268,343,1795,,,1
都井沢マリリオ,FW,11,谷田 辰也,たにだ たつや,481,366,255,142,431,379,2054,,,1
都井沢マリリオ,FW,23,マルコ・ロッシ,,446,440,319,204,486,353,2248,,,1
都井沢マリリオ,FW,25,川辺 隆利,かわべ たかとし,393,425,261,204,406,329,2018,,,1
都井沢マリリオ,FW,33,アレッサンドロ・フェラーリ,,409,443,267,37,129,466,1751,,,1
,,,,,,,,,チーム計,,48024,,,
team,pos,no,namea,nameb,OFF,PHY,STA,DEF,MEN,TEC,sum,年齢,年俸,div
エルネスタ永山FC,GK,1,フィン・シュナイダー,,69,344,233,302,462,213,1623,,,1
エルネスタ永山FC,GK,21,山崎 洋一,やまさき よういち,47,312,143,453,441,301,1697,,,1
エルネスタ永山FC,GK,30,佐藤 幸博,さとう ゆきひろ,13,335,111,350,196,333,1338,,,1
エルネスタ永山FC,DF,2,奥村 勝,おくむら まさる,146,493,307,373,419,247,1985,,,1
エルネスタ永山FC,DF,3,佐藤 朋広,さとう ともひろ,241,403,370,462,332,237,2045,,,1
エルネスタ永山FC,DF,4,竹下 和也,たけした かずや,214,404,383,367,286,320,1974,,,1
エルネスタ永山FC,DF,5,谷口 勇太,たにぐち ゆうた,111,266,411,306,248,179,1521,,,1
エルネスタ永山FC,DF,13,前田 隆夫,まえだ たかお,208,285,210,413,392,311,1819,,,1
エルネスタ永山FC,DF,14,伊藤 弘一,いとう ひろかず,133,499,269,401,214,285,1801,,,1
エルネスタ永山FC,DF,17,吉岡 俊輔,よしおか しゅんすけ,274,417,433,319,240,343,2026,,,1
エルネスタ永山FC,DF,22,柏木 翔,かしわぎ しょう,93,482,300,387,173,210,1645,,,1
エルネスタ永山FC,DF,24,藤井 研,ふじい けん,79,335,426,459,182,100,1581,,,1
エルネスタ永山FC,MF,6,田中 広隆,たなか ひろたか,213,250,250,201,153,380,1447,,,1
エルネスタ永山FC,MF,7,竹内 太朗,たけうち たろう,203,393,485,341,204,247,1873,,,1
エルネスタ永山FC,MF,8,中山 優也,なかやま ゆうや,279,283,394,297,433,344,2030,,,1
エルネスタ永山FC,MF,15,藤野 幸治,ふじの こうじ,264,353,441,223,364,342,1987,,,1
エルネスタ永山FC,MF,16,三好 和明,みよし かずあき,213,269,227,267,96,326,1398,,,1
エルネスタ永山FC,MF,18,小田 茂雄,おだ しげお,324,300,226,329,206,335,1720,,,1
エルネスタ永山FC,MF,20,高橋 渉太,たかはし しょうた,265,239,238,275,329,296,1642,,,1
エルネスタ永山FC,MF,23,高垣 健太,たかがき けんた,364,312,360,286,130,230,1682,,,1
エルネスタ永山FC,MF,25,米田 憲治,よねだ けんじ,284,218,408,400,65,370,1745,,,1
エルネスタ永山FC,FW,9,山内 龍介,やまうち りゅうすけ,496,449,322,95,418,302,2082,,,1
エルネスタ永山FC,FW,10,角田 正美,つのだ まさみ,394,444,221,55,281,318,1713,,,1
エルネスタ永山FC,FW,11,浜崎 孝之,はまさき たかゆき,447,281,326,184,255,442,1935,,,1
エルネスタ永山FC,FW,19,河野 正人,かわの まさひと,428,366,292,111,487,448,2132,,,1
エルネスタ永山FC,FW,27,ダーン・デ・ヨング,,457,445,333,94,100,310,1739,,,1
エルネスタ永山FC,FW,31,ジャック・スミス,,383,372,223,16,258,418,1670,,,1
,,,,,,,,,チーム計,,47850,,,
team,pos,no,namea,nameb,OFF,PHY,STA,DEF,MEN,TEC,sum,年齢,年俸,div
滝沢カスケーダ,GK,1,山口 美智也,やまぐち みちや,14,378,220,347,137,371,1467,,,2
滝沢カスケーダ,GK,21,油井 智之,ゆい ともゆき,75,323,110,385,425,363,1681,,,2
滝沢カスケーダ,GK,36,末廣 朗,すえひろ あきら,76,299,168,361,419,311,1634,,,2
滝沢カスケーダ,DF,2,中岡 貴彦,なかおか たかひこ,53,347,443,360,22,275,1500,,,2
滝沢カスケーダ,DF,4,井上 一敬,いのうえ かずたか,263,476,393,321,380,155,1988,,,2
滝沢カスケーダ,DF,5,古川 敏嗣,ふるかわ としつぐ,13,388,300,470,435,127,1733,,,2
滝沢カスケーダ,DF,13,桐生 博司,きりゅう ひろし,19,309,387,499,434,367,2015,,,2
滝沢カスケーダ,DF,14,小久保 勇治,こくぼ ゆうじ,74,299,430,423,145,378,1749,,,2
滝沢カスケーダ,DF,15,成田 武博,なりた たけひろ,12,437,209,301,58,327,1344,,,2
滝沢カスケーダ,DF,20,鎌野 大樹,かまの だいき,154,471,319,363,496,109,1912,,,2
滝沢カスケーダ,DF,22,大野 晃作,おおの こうさく,228,317,328,435,129,224,1661,,,2
滝沢カスケーダ,DF,24,米山 知,よねやま さとる,12,389,227,393,280,279,1580,,,2
滝沢カスケーダ,MF,6,津田 晋太朗,つだ しんたろう,270,227,295,304,202,385,1683,,,2
滝沢カスケーダ,MF,8,大上 雅樹,おおがみ まさき,255,363,243,337,284,339,1821,,,2
滝沢カスケーダ,MF,16,壷内 雄太,つぼうち ゆうた,387,321,463,257,458,342,2228,,,2
滝沢カスケーダ,MF,17,初山 隼人,はつやま はやと,319,339,388,342,367,361,2116,,,2
滝沢カスケーダ,MF,19,神尾 真和,かみお まさかず,220,264,485,332,21,213,1535,,,2
滝沢カスケーダ,MF,23,出頭 寛之,しゅっとう ひろゆき,305,211,255,254,435,293,1753,,,2
滝沢カスケーダ,MF,25,エドゥアルド・リベイロ,,244,314,384,358,494,335,2129,,,2
滝沢カスケーダ,MF,27,佐野 達也,さの たつや,312,204,395,400,296,202,1809,,,2
滝沢カスケーダ,MF,32,牧内 隆則,まきうち たかのり,360,308,210,284,183,342,1687,,,2
滝沢カスケーダ,FW,7,小辻 秀憲,こつじ ひでのり,442,416,246,215,266,325,1910,,,2
滝沢カスケーダ,FW,9,伊井 浩仁,いい ひろひと,477,354,280,214,447,332,2104,,,2
滝沢カスケーダ,FW,10,海月 康裕,うみづき やすひろ,453,359,228,158,213,459,1870,,,2
滝沢カスケーダ,FW,11,真保 保徳,しんぼ やすのり,433,408,392,102,340,406,2081,,,2
滝沢カスケーダ,FW,18,ジャック・スミス,,453,433,258,230,224,461,2059,,,2
滝沢カスケーダ,FW,31,アミン・マンスーリ,,436,440,325,246,454,395,2296,,,2
,,,,,,,,,チーム計,,49345,,,
team,pos,no,namea,nameb,OFF,PHY,STA,DEF,MEN,TEC,sum,年齢,年俸,div
歌川アリアーレ,GK,1,竹原 幹男,たけはら みきお,66,305,250,438,465,330,1854,,,1
歌川アリアーレ,GK,21,大阪 潔,おおさか きよし,54,393,179,325,479,209,1639,,,1
歌川アリアーレ,GK,30,梅田 雅之,うめた まさゆき,25,394,127,348,19,301,1214,,,1
歌川アリアーレ,DF,2,津田 真洋,つだ まさひろ,17,472,260,303,389,387,1828,,,1
歌川アリアーレ,DF,3,土田 良典,つちだ りょうすけ,82,310,476,385,12,226,1491,,,1
歌川アリアーレ,DF,4,小峯 孝司,こみね こうじ,183,321,284,432,441,147,1808,,,1
歌川アリアーレ,DF,5,坪内 暁彦,つぼうち あきひこ,110,405,308,301,132,270,1526,,,1
歌川アリアーレ,DF,13,柳田 工,やなぎた たくみ,43,440,485,347,417,100,1832,,,1
歌川アリアーレ,DF,14,秀島 清貴,ひでしま きよたか,197,448,474,494,161,303,2077,,,1
歌川アリアーレ,DF,17,池永 幸信,いけなが ゆきのぶ,208,499,390,321,378,319,2115,,,1
歌川アリアーレ,DF,22,鎌倉 芳孝,かまくら よしたか,41,360,337,341,194,296,1569,,,1
歌川アリアーレ,DF,24,堀井 孝平,ほりい こうへい,69,319,373,474,396,372,2003,,,1
歌川アリアーレ,MF,6,有賀 伸,あるが しん,392,327,488,252,121,268,1848,,,1
歌川アリアーレ,MF,7,菊地 敦嗣,きくち あつし,323,201,219,282,120,338,1483,,,1
歌川アリアーレ,MF,8,真山 裕,まやま ゆたか,344,247,243,380,359,295,1868,,,1
歌川アリアーレ,MF,15,大湊 健,おおみなと たけし,357,258,477,352,48,363,1855,,,1
歌川アリアーレ,MF,16,岩野 竜二,いわの りゅうじ,201,341,469,244,316,215,1786,,,1
歌川アリアーレ,MF,18,森田 瑞季,もりた みずき,275,396,410,364,269,379,2093,,,1
歌川アリアーレ,MF,20,保坂 久男,ほさか ひさお,263,266,261,222,319,207,1538,,,1
歌川アリアーレ,MF,23,松岡 泰教,まつおか やすのり,335,285,484,242,499,314,2159,,,1
歌川アリアーレ,MF,25,ラクラン・ジョーンズ,,201,203,491,339,212,280,1726,,,1
歌川アリアーレ,FW,9,吉田 裕,よしだ ひろし,395,286,325,204,117,468,1795,,,1
歌川アリアーレ,FW,10,木下 裕介,きのした ゆうすけ,416,427,356,163,488,449,2299,,,1
歌川アリアーレ,FW,11,高橋 貴行,たかはし たかゆき,383,293,330,134,225,314,1679,,,1
歌川アリアーレ,FW,19,中西 祐介,なかにし ゆうすけ,479,413,365,75,131,316,1779,,,1
歌川アリアーレ,FW,27,中村 伸夫,なかむら のぶお,414,385,400,244,260,327,2030,,,1
歌川アリアーレ,FW,31,ダヴィデ・モレッティ,,474,319,282,12,116,380,1583,,,1
,,,,,,,,,チーム計,,48477,,,
team,pos,no,namea,nameb,OFF,PHY,STA,DEF,MEN,TEC,sum,年齢,年俸,div
美里フロリスFC,GK,1,眞鍋 均,まなべ ひとし,81,345,267,450,241,325,1709,,,1
美里フロリスFC,GK,31,杉浦 伸次,すぎうら しんじ,51,301,281,476,64,295,1468,,,1
美里フロリスFC,GK,36,石川 ひさし,いしかわ ひさし,17,356,193,450,388,261,1665,,,1
美里フロリスFC,DF,2,佐久間 靖久,さくま やすひさ,119,462,477,489,407,269,2223,,,1
美里フロリスFC,DF,3,賀来 雄太,かく ゆうた,73,403,248,472,378,388,1962,,,1
美里フロリスFC,DF,4,今野 弘毅,こんの ひろき,211,434,377,357,239,342,1960,,,1
美里フロリスFC,DF,5,坂本 直士,さかもと なおし,157,302,211,471,428,361,1930,,,1
美里フロリスFC,DF,13,平田 晴義,ひらた はるよし,294,342,370,468,453,300,2227,,,1
美里フロリスFC,DF,14,大濱 和之,おおはま かずゆき,120,485,338,335,336,223,1837,,,1
美里フロリスFC,DF,15,鳥居 秀敏,とりい ひでとし,234,460,286,330,143,256,1709,,,1
美里フロリスFC,DF,16,前川 照男,まえかわ てるお,94,322,422,331,451,368,1988,,,1
美里フロリスFC,DF,20,相川 晃一郎,あいかわ こういちろう,149,273,495,327,234,394,1872,,,1
美里フロリスFC,MF,6,杉浦 浩巳,すぎうら ひろみ,263,258,363,251,112,353,1600,,,1
美里フロリスFC,MF,8,八田 優斗,はった ゆうと,221,279,206,257,187,359,1509,,,1
美里フロリスFC,MF,16,有馬 雅孝,ありま まさたか,388,268,354,297,452,337,2096,,,1
美里フロリスFC,MF,17,蔦 裕司,つた ゆうじ,352,392,234,309,222,342,1851,,,1
美里フロリスFC,MF,18,鎌倉 雅貴,かまくら まさき,215,216,253,294,262,347,1587,,,1
美里フロリスFC,MF,21,滝本 俊司,たきもと しゅんじ,342,349,431,285,480,400,2287,,,1
美里フロリスFC,MF,22,ユセフ・エル・アムラニ,,246,321,465,207,312,236,1787,,,1
美里フロリスFC,MF,24,オリバー・テイラー,,303,201,271,325,479,318,1897,,,1
美里フロリスFC,MF,27,ウィリアム・デイヴィス,,361,249,416,374,135,319,1854,,,1
美里フロリスFC,FW,7,中山 仁志,なかやま ひとし,404,308,360,99,377,396,1944,,,1
美里フロリスFC,FW,9,佐藤 拓未,さとう たくみ,494,365,353,69,202,301,1784,,,1
美里フロリスFC,FW,11,伊藤 俊郎,いとう としろう,390,298,297,35,353,434,1807,,,1
美里フロリスFC,FW,23,中村 佑一,なかむら ゆういち,500,448,339,195,493,490,2465,,,1
美里フロリスFC,FW,25,杉浦 武,すぎうら たけし,397,376,250,80,101,321,1525,,,1
美里フロリスFC,FW,33,チアゴ・ロッチャ,,435,356,320,209,360,334,2014,,,1
,,,,,,,,,チーム計,,50557,,,
team,pos,no,namea,nameb,OFF,PHY,STA,DEF,MEN,TEC,sum,年齢,年俸,div
城島セレーナ,GK,1,杉田 正也,すぎた まさや,90,327,199,403,174,244,1437,,,1
城島セレーナ,GK,21,上條 朗,かみじょう あきら,17,379,201,410,328,329,1664,,,1
城島セレーナ,GK,36,上林 武,かんばやし たけし,75,287,282,418,413,348,1823,,,1
城島セレーナ,DF,2,内野 哲雄,うちの てつお,19,470,243,404,300,221,1657,,,1
城島セレーナ,DF,3,増山 泉,ますやま いずみ,202,318,290,447,34,123,1414,,,1
城島セレーナ,DF,4,白 恭平,はく きょうへい,33,366,500,366,99,154,1518,,,1
城島セレーナ,DF,5,網本 智之,あみもと ともゆき,220,344,436,491,111,169,1771,,,1
城島セレーナ,DF,13,矢島 泰隆,やじま やすたか,200,254,254,451,145,340,1644,,,1
城島セレーナ,DF,14,守屋 敦夫,もりや あつお,79,318,281,491,141,119,1429,,,1
城島セレーナ,DF,17,高田 正成,たかた まさなり,77,286,313,365,285,228,1554,,,1
城島セレーナ,DF,22,稲田 正成,いなだ まさなり,237,394,308,480,291,388,2098,,,1
城島セレーナ,DF,31,足立 慶典,あだち けいすけ,42,389,402,453,233,148,1667,,,1
城島セレーナ,MF,6,カン・ジフン,,204,301,323,210,485,364,1887,,,1
城島セレーナ,MF,7,鴫原 善行,しぎはら よしゆき,400,335,285,366,41,278,1705,,,1
城島セレーナ,MF,8,秋本 雅規,あきもと まさき,301,204,389,311,264,383,1852,,,1
城島セレーナ,MF,15,西庵 健二,にしあん けんじ,347,218,437,243,97,329,1671,,,1
城島セレーナ,MF,16,菅原 尚生,すがはら なおき,395,346,295,265,189,349,1839,,,1
城島セレーナ,MF,18,加々美 政明,かがみ まさあき,336,387,227,337,439,253,1979,,,1
城島セレーナ,MF,20,黒河 泰徳,くろかわ やすのり,387,261,343,319,306,291,1907,,,1
城島セレーナ,MF,23,中坪 崇裕,なかつぼ たかひろ,270,370,246,276,198,257,1617,,,1
城島セレーナ,MF,25,滝川 一翔,たきがわ かずと,372,268,435,245,468,252,2040,,,1
城島セレーナ,FW,9,仁井 昭文,にい あきふみ,432,436,265,244,256,448,2081,,,1
城島セレーナ,FW,10,小野里 紳一朗,おのざと しんいちろう,477,394,247,93,273,362,1846,,,1
城島セレーナ,FW,11,イェレ・ペーテルス,,421,356,400,58,443,480,2158,,,1
城島セレーナ,FW,19,伊藤 一輝,いとう かずき,440,377,264,114,422,405,2022,,,1
城島セレーナ,FW,27,新井 健太,あらい けんた,417,341,303,140,165,498,1864,,,1
城島セレーナ,FW,30,サムエル・メンドサ,,386,427,372,177,188,445,1995,,,1
,,,,,,,,,チーム計,,48139,,,
team,pos,no,namea,nameb,OFF,PHY,STA,DEF,MEN,TEC,sum,年齢,年俸,div
江東ヴィアージュ,GK,1,上田 佑介,うえだ ゆうすけ,21,310,209,379,72,241,1232,,,2
江東ヴィアージュ,GK,21,川崎 正明,かわさき まさあき,52,291,298,385,426,347,1799,,,2
江東ヴィアージュ,GK,30,原 駿,はら しゅん,48,340,299,336,298,378,1699,,,2
江東ヴィアージュ,DF,2,滝沢 太郎,たきざわ たろう,253,465,333,414,325,224,2014,,,2
江東ヴィアージュ,DF,3,坂口 修一,さかぐち しゅういち,256,490,302,491,366,315,2220,,,2
江東ヴィアージュ,DF,4,ソン・ヒョンジュン,,84,459,436,444,344,165,1932,,,2
江東ヴィアージュ,DF,5,齋藤 豊和,さいとう とよかず,101,309,210,496,15,134,1265,,,2
江東ヴィアージュ,DF,13,西川 直行,にしかわ なおゆき,262,473,467,338,388,305,2233,,,2
江東ヴィアージュ,DF,14,太田 啓吾,おおた けいご,177,440,286,400,146,276,1725,,,2
江東ヴィアージュ,DF,17,高橋 喜雄,たかはし よしお,264,406,272,309,316,111,1678,,,2
江東ヴィアージュ,DF,22,藤原 耕作,ふじわら こうさく,213,305,415,370,319,108,1730,,,2
江東ヴィアージュ,DF,24,岡田 英也,おかだ ひでや,157,358,399,307,92,244,1557,,,2
江東ヴィアージュ,MF,6,古賀 俊二,こが しゅんじ,366,254,487,376,183,289,1955,,,2
江東ヴィアージュ,MF,7,長沼 彰,ながぬま あきら,363,389,330,236,207,370,1895,,,2
江東ヴィアージュ,MF,8,恩田 伸一,おんだ しんいち,273,254,281,305,41,271,1425,,,2
江東ヴィアージュ,MF,15,伊藤 恭正,いとう やすまさ,328,210,485,236,137,277,1673,,,2
江東ヴィアージュ,MF,16,寺崎 良太,てらさき りょうた,295,273,400,336,371,346,2021,,,2
江東ヴィアージュ,MF,18,前田 佳隆,まえだ よしたか,272,368,222,325,404,245,1836,,,2
江東ヴィアージュ,MF,20,井上 幸光,いのうえ ゆきみつ,380,391,336,260,428,354,2149,,,2
江東ヴィアージュ,MF,23,澤井 良一,さわい りょういち,271,263,264,306,216,339,1659,,,2
江東ヴィアージュ,MF,25,住江 基,すみえ はじめ,372,263,351,286,458,352,2082,,,2
江東ヴィアージュ,FW,9,ロドリゴ・マルティンス,,383,368,350,131,210,478,1920,,,2
江東ヴィアージュ,FW,10,恩田 伸一,おんだ しんいち,454,283,337,124,123,467,1788,,,2
江東ヴィアージュ,FW,11,カルロス・ママニ,,386,363,267,156,404,445,2021,,,2
江東ヴィアージュ,FW,19,桑島 隼士,くわじま はやと,399,431,233,153,353,389,1958,,,2
江東ヴィアージュ,FW,27,犬童 幸史,いんどう こうじ,461,417,354,191,336,395,2154,,,2
江東ヴィアージュ,FW,31,草野 博,くさの はく,486,299,227,193,374,315,1894,,,2
,,,,,,,,,チーム計,,49514,,,
team,pos,no,namea,nameb,OFF,PHY,STA,DEF,MEN,TEC,sum,年齢,年俸,div
ヴァルゴラ辻山,GK,1,宮本 大輔,みやもと だいすけ,69,297,258,341,97,365,1427,,,2
ヴァルゴラ辻山,GK,21,石川 篤,いしかわ あつし,55,367,258,307,110,369,1466,,,2
ヴァルゴラ辻山,GK,36,西村 稔,にしむら みのる,21,308,233,326,134,389,1411,,,2
ヴァルゴラ辻山,DF,2,加藤 真一郎,かとう しんいちろう,151,323,465,326,350,287,1902,,,2
ヴァルゴラ辻山,DF,4,飯田 慎也,いいだ しんや,100,342,399,396,52,312,1601,,,2
ヴァルゴラ辻山,DF,5,清水 祐一郎,しみず ゆういちろう,25,495,386,443,124,183,1656,,,2
ヴァルゴラ辻山,DF,13,堤 翔,つつみ しょう,148,493,438,496,232,256,2063,,,2
ヴァルゴラ辻山,DF,14,北川 太一,きたがわ たいち,259,359,489,352,409,173,2041,,,2
ヴァルゴラ辻山,DF,15,伊東 英明,いとう ひであき,166,266,371,357,29,149,1338,,,2
ヴァルゴラ辻山,DF,20,川口 俊之,かわぐち としゆき,176,277,425,476,116,235,1705,,,2
ヴァルゴラ辻山,DF,22,原田 将司,はらだ まさし,114,254,206,329,386,372,1661,,,2
ヴァルゴラ辻山,DF,24,山崎 晶,やまざき あきら,55,495,405,441,377,124,1897,,,2
ヴァルゴラ辻山,MF,6,小野 基,おの もとい,238,222,319,400,308,397,1884,,,2
ヴァルゴラ辻山,MF,8,田中 一智,たなか かずとも,274,332,237,223,114,279,1459,,,2
ヴァルゴラ辻山,MF,16,長尾 健吾,ながお けんご,250,269,403,355,216,282,1775,,,2
ヴァルゴラ辻山,MF,17,高田 祐,たかだ ゆう,252,284,485,216,222,255,1714,,,2
ヴァルゴラ辻山,MF,19,ニコラス・アンゲロプロス,,301,349,209,241,58,214,1372,,,2
ヴァルゴラ辻山,MF,23,櫻井 俊充,さくらい としみつ,367,349,471,313,78,298,1876,,,2
ヴァルゴラ辻山,MF,25,山浦 隆博,やまうら たかひろ,233,256,481,330,335,378,2013,,,2
ヴァルゴラ辻山,MF,30,太田 光彰,おおた みつあ,280,265,410,339,25,385,1704,,,2
ヴァルゴラ辻山,MF,33,イム・ドヒョン,,301,239,369,254,150,328,1641,,,2
ヴァルゴラ辻山,FW,7,中村 隆,なかむら たかし,414,433,287,70,470,457,2131,,,2
ヴァルゴラ辻山,FW,9,ギオルゴス・パパドプロス,,404,340,334,122,144,455,1799,,,2
ヴァルゴラ辻山,FW,10,箕輪 拳斗,みのわ けんと,493,415,324,67,230,386,1915,,,2
ヴァルゴラ辻山,FW,11,鷲崎 将臣,わしざき まさおみ,393,449,320,32,494,310,1998,,,2
ヴァルゴラ辻山,FW,18,高橋 琢磨,たかはし たくま,473,380,291,211,370,413,2138,,,2
ヴァルゴラ辻山,FW,27,寺尾 幸康,てらお ゆきやす,451,349,305,37,422,450,2014,,,2
,,,,,,,,,チーム計,,47601,,,
team,pos,no,namea,nameb,OFF,PHY,STA,DEF,MEN,TEC,sum,年齢,年俸,div
若洲アズール,GK,1,川上 裕之,かわかみ ひろゆき,53,317,250,494,490,299,1903,,,2
若洲アズール,GK,31,三好 健一,みよし けんいち,99,306,268,450,280,252,1655,,,2
若洲アズール,GK,36,中島 真一,なかしま しんいち,14,375,128,453,376,322,1668,,,2
若洲アズール,DF,2,後藤 信也,ごとう しんや,220,396,422,333,331,170,1872,,,2
若洲アズール,DF,3,河野 剛,こうの たけし,84,435,203,349,474,363,1908,,,2
若洲アズール,DF,4,伊東 和弘,いとう かずひろ,158,314,230,313,171,349,1535,,,2
若洲アズール,DF,5,水野 宏之,みずの ひろゆき,277,466,357,418,382,356,2256,,,2
若洲アズール,DF,13,菊地 貴弘,きくち たかひろ,141,281,293,478,165,197,1555,,,2
若洲アズール,DF,14,チョン・ヒョヌ,,194,421,493,430,190,265,1993,,,2
若洲アズール,DF,15,ディエゴ・マルティネス,,172,426,337,446,382,185,1948,,,2
若洲アズール,DF,16,小島 敬一,こじま けいいち,121,475,457,471,357,268,2149,,,2
若洲アズール,DF,20,前田 泰行,まえだ やすゆき,238,407,391,427,235,159,1857,,,2
若洲アズール,MF,6,北原 智也,きたはら ともや,257,342,417,222,174,220,1632,,,2
若洲アズール,MF,8,朝倉 薫,あさくら かおる,364,372,440,322,68,256,1822,,,2
若洲アズール,MF,16,村上 太陽,むらかみ たいよう,250,322,408,378,409,254,2021,,,2
若洲アズール,MF,17,服部 慧,はっとり けい,348,365,242,374,252,254,1835,,,2
若洲アズール,MF,18,鈴木 哲章,すずき てつあき,205,296,336,228,133,373,1571,,,2
若洲アズール,MF,21,小山 賢一,おやま けんいち,389,213,386,203,153,371,1715,,,2
若洲アズール,MF,22,横山 英生,よこやま ひでお,222,232,394,246,34,264,1392,,,2
若洲アズール,MF,24,マクシミリアン・シュミット,,201,240,466,215,113,209,1444,,,2
若洲アズール,MF,27,杉山 貴士,すぎやま たかし,229,365,488,268,455,324,2129,,,2
若洲アズール,FW,7,池田 広行,いけだ ひろゆき,446,383,231,92,318,475,1945,,,2
若洲アズール,FW,9,ラクラン・ジョーンズ,,398,309,346,207,156,329,1745,,,2
若洲アズール,FW,11,山中 将吾,やまなか しょうご,485,424,289,53,492,413,2156,,,2
若洲アズール,FW,23,半田 昌弘,はんだ まさひろ,412,295,378,141,264,496,1986,,,2
若洲アズール,FW,25,田村 博英,たむら ひろひで,467,351,314,246,403,364,2145,,,2
若洲アズール,FW,33,タイス・ファン・ダイク,,381,440,395,118,217,438,1989,,,2
,,,,,,,,,チーム計,,49826,,,
team,pos,no,namea,nameb,OFF,PHY,STA,DEF,MEN,TEC,sum,年齢,年俸,div
八重咲ヴェルメリア,GK,1,北嶋 幸治,きたじま こうじ,59,396,230,420,86,242,1433,,,2
八重咲ヴェルメリア,GK,21,大坂 武士,おおさか たけし,97,344,260,438,444,255,1838,,,2
八重咲ヴェルメリア,GK,30,菅原 紀章,すがわら のりあき,17,371,236,394,498,338,1854,,,2
八重咲ヴェルメリア,DF,2,遠藤 健,えんどう まさる,182,363,434,479,360,251,2069,,,2
八重咲ヴェルメリア,DF,3,綿引 隆史,わたひき たかし,196,381,378,376,484,219,2034,,,2
八重咲ヴェルメリア,DF,4,芝田 俊宏,しばた としひろ,32,278,240,429,141,244,1364,,,2
八重咲ヴェルメリア,DF,5,高林 光昭,たかばやし みつあき,125,279,402,377,351,184,1718,,,2
八重咲ヴェルメリア,DF,13,椎名 裕三,しいな ゆうぞう,242,419,223,386,319,200,1789,,,2
八重咲ヴェルメリア,DF,22,保泉 健治,ほずみ けんじ,298,423,209,427,435,255,2047,,,2
八重咲ヴェルメリア,DF,24,前野 智之,まえの さとし,207,484,214,486,222,187,1800,,,2
八重咲ヴェルメリア,DF,32,鹿谷 康平,しかたに こうへい,74,343,327,323,107,202,1376,,,2
八重咲ヴェルメリア,DF,33,千明 凌,ちぎら りょう,298,423,364,372,216,214,1887,,,2
八重咲ヴェルメリア,MF,6,萩 創,はぎ そう,353,279,220,269,352,333,1806,,,2
八重咲ヴェルメリア,MF,8,安永 勝英,やすなが かつひで,270,233,405,222,389,305,1824,,,2
八重咲ヴェルメリア,MF,10,押田 光孝,おしだ みつたか,232,232,406,302,52,270,1494,,,2
八重咲ヴェルメリア,MF,14,木股 信,きまた まこと,301,389,357,291,229,306,1873,,,2
八重咲ヴェルメリア,MF,16,嘉瀬 敏行,かせ としゆき,295,381,226,319,177,287,1685,,,2
八重咲ヴェルメリア,MF,19,峯川 智,みねかわ さとる,395,379,455,378,455,373,2435,,,2
八重咲ヴェルメリア,MF,23,神崎 保和,かんざき やすかず,236,280,221,378,393,376,1884,,,2
八重咲ヴェルメリア,MF,25,行方 直也,なみかた なおや,355,349,351,345,479,346,2225,,,2
八重咲ヴェルメリア,MF,37,里内 雅則,さとうち まさのり,346,299,490,213,15,254,1617,,,2
八重咲ヴェルメリア,FW,7,アルトゥール・ゴメス,,446,401,259,172,281,481,2040,,,2
八重咲ヴェルメリア,FW,9,ラファエル・マルティンス,,383,309,397,26,416,431,1962,,,2
八重咲ヴェルメリア,FW,11,ルイ・デュモン,,423,334,258,181,169,484,1849,,,2
八重咲ヴェルメリア,FW,15,高橋 聡,たかはし そう,411,435,324,121,265,325,1881,,,2
八重咲ヴェルメリア,FW,20,関 淳,せき あつし,493,350,286,118,218,327,1792,,,2
八重咲ヴェルメリア,FW,27,山下 孝幸,やました たかゆき,476,283,359,248,416,436,2218,,,2
,,,,,,,,,チーム計,,49794,,,
team,pos,no,namea,nameb,OFF,PHY,STA,DEF,MEN,TEC,sum,年齢,年俸,div
鶴牧ブリランテ,GK,1,日浅 明,ひあさ あきら,47,399,225,422,479,254,1826,,,1
鶴牧ブリランテ,GK,21,伴場 明,ばんば あきら,39,396,204,426,266,218,1549,,,1
鶴牧ブリランテ,GK,30,深澤 栄太郎,ふかざわ えいたろう,13,335,170,309,471,217,1515,,,1
鶴牧ブリランテ,DF,2,門脇 賢太朗,かどわき けんたろう,114,469,279,421,298,200,1781,,,1
鶴牧ブリランテ,DF,3,菊谷 晋,きくや しん,39,439,397,345,10,120,1350,,,1
鶴牧ブリランテ,DF,4,脇野 利之,わきの としゆき,162,256,465,496,137,231,1747,,,1
鶴牧ブリランテ,DF,5,小幡 正義,おばた ただよし,115,308,489,354,84,185,1535,,,1
鶴牧ブリランテ,DF,13,原之園 正幸,はらのその まさゆき,198,387,318,336,25,337,1601,,,1
鶴牧ブリランテ,DF,14,福内 裕一郎,ふくうち ゆういちろう,224,478,346,309,351,110,1818,,,1
鶴牧ブリランテ,DF,17,永元 昭博,ながもと あきひろ,265,333,498,411,78,374,1959,,,1
鶴牧ブリランテ,DF,22,小嶺 幸輝,こみね こうき,208,460,417,325,395,338,2143,,,1
鶴牧ブリランテ,DF,24,酒巻 政貴,さかまき まさき,292,456,271,489,311,367,2186,,,1
鶴牧ブリランテ,MF,6,畦上 宏樹,あぜがみ ひろき,216,204,238,310,70,252,1290,,,1
鶴牧ブリランテ,MF,7,戸袋 健吾,とぶくろ けんご,354,221,455,314,257,307,1908,,,1
鶴牧ブリランテ,MF,8,レオナルド・サントス,,331,372,411,217,384,221,1936,,,1
鶴牧ブリランテ,MF,15,打越 大樹,うちこし ひろき,307,298,232,337,114,282,1570,,,1
鶴牧ブリランテ,MF,16,畑 陽司,はた ようじ,296,328,420,342,126,304,1816,,,1
鶴牧ブリランテ,MF,18,井口 佳紀,いぐち よしのり,397,376,276,235,176,376,1836,,,1
鶴牧ブリランテ,MF,20,羽田 孝二,はねだ こうじ,263,277,381,376,65,277,1639,,,1
鶴牧ブリランテ,MF,23,泉 光太朗,いずみ こうたろう,400,322,438,312,245,387,2104,,,1
鶴牧ブリランテ,MF,25,シモーネ・ガッティ,,245,229,281,227,15,237,1234,,,1
鶴牧ブリランテ,FW,9,ヴィニシウス・ロッチャ,,405,304,268,203,458,329,1967,,,1
鶴牧ブリランテ,FW,10,ブルーノ・カルヴァーリョ,,397,416,346,74,267,421,1921,,,1
鶴牧ブリランテ,FW,11,青木 謙司,あおき けんじ,456,347,306,39,110,397,1655,,,1
鶴牧ブリランテ,FW,19,宮本 泰史,みやもと やすし,430,372,318,178,314,419,2031,,,1
鶴牧ブリランテ,FW,27,野田 敏博,のだ としひろ,496,449,270,173,424,465,2277,,,1
鶴牧ブリランテ,FW,31,一瀬 崇,いちのせ たかし,400,356,325,140,382,409,2012,,,1
,,,,,,,,,チーム計,,48206,,,
team,pos,no,namea,nameb,OFF,PHY,STA,DEF,MEN,TEC,sum,年齢,年俸,div
大神エスペランザ,GK,1,日高 剛,ひだか つよし,64,295,256,444,92,220,1371,,,1
大神エスペランザ,GK,31,吉岡 和弘,よしおか かずひろ,59,321,190,367,187,206,1330,,,1
大神エスペランザ,GK,36,大友 孝之,おおとも たかし,77,281,273,452,414,211,1708,,,1
大神エスペランザ,DF,2,四元 修治,よつもと しゅうじ,132,331,200,426,287,141,1517,,,1
大神エスペランザ,DF,3,國貞 猛,くにさだ たけし,138,364,225,338,80,321,1466,,,1
大神エスペランザ,DF,4,豊田 貴郁,とよだ たかふみ,243,290,256,342,319,331,1781,,,1
大神エスペランザ,DF,5,室賀 英俊,むろが ひでとし,297,445,232,420,372,362,2128,,,1
大神エスペランザ,DF,13,大岡 達也,おおおか たつや,177,385,341,499,278,107,1787,,,1
大神エスペランザ,DF,14,伊藤 元洋,いとう もとひろ,262,295,215,386,388,246,1792,,,1
大神エスペランザ,DF,15,中村 尚人,なかむら ひさと,222,350,374,332,89,268,1635,,,1
大神エスペランザ,DF,16,竹谷 誠,たけや まこと,39,464,259,398,243,378,1781,,,1
大神エスペランザ,DF,20,藤野 憲一,ふじの けんいち,205,377,243,357,443,290,1915,,,1
大神エスペランザ,MF,6,滝沢 裕一,たきざわ ゆういち,388,296,487,251,24,277,1723,,,1
大神エスペランザ,MF,8,松井 洋志,まつい ひろし,223,368,296,244,78,362,1571,,,1
大神エスペランザ,MF,16,宇野 智彦,うの ともひこ,290,249,427,367,28,325,1686,,,1
大神エスペランザ,MF,17,星野 伸彦,ほしの のぶひこ,290,370,403,351,122,287,1823,,,1
大神エスペランザ,MF,18,マテオ・カグア,,308,265,233,248,262,362,1678,,,1
大神エスペランザ,MF,21,吉尾 将人,よしお まさと,270,231,380,363,113,385,1742,,,1
大神エスペランザ,MF,22,ディエゴ・キスペ,,260,302,440,385,168,346,1901,,,1
大神エスペランザ,MF,24,半田 聡,はんだ さとし,317,257,392,277,338,400,1981,,,1
大神エスペランザ,MF,27,池田 浩行,いけだ ひろゆき,375,286,373,364,326,369,2093,,,1
大神エスペランザ,FW,7,横山 直紀,よこやま なおき,486,379,354,105,305,322,1951,,,1
大神エスペランザ,FW,9,野崎 太一,のざき たいち,462,340,272,99,336,426,1935,,,1
大神エスペランザ,FW,11,宍戸 和彦,ししど かずひこ,444,285,271,181,452,323,1956,,,1
大神エスペランザ,FW,23,ハン・ユジュン,,456,411,335,145,457,301,2105,,,1
大神エスペランザ,FW,25,オ・シウ,,465,422,338,237,379,425,2266,,,1
大神エスペランザ,FW,33,河内 幸哉,かわうち ゆきや,397,295,368,183,357,423,2023,,,1
,,,,,,,,,チーム計,,48645,,,
team,pos,no,namea,nameb,OFF,PHY,STA,DEF,MEN,TEC,sum,年齢,年俸,div
浜岳セルヴェリオ,GK,1,板東 仁,ばんどう ひとし,93,369,237,353,373,206,1631,,,2
浜岳セルヴェリオ,GK,21,松井 俊史,まつい としふみ,43,351,175,342,71,267,1249,,,2
浜岳セルヴェリオ,GK,36,永瀬 晃一,ながせ こういち,30,348,168,342,500,251,1639,,,2
浜岳セルヴェリオ,DF,2,大竹 康則,おおたけ やすのり,153,420,234,318,325,247,1697,,,2
浜岳セルヴェリオ,DF,4,今村 寛文,いまむら ひろふみ,138,329,335,430,431,379,2042,,,2
浜岳セルヴェリオ,DF,5,清野 祐二,きよの ゆうじ,39,426,455,472,59,204,1655,,,2
浜岳セルヴェリオ,DF,13,マッテオ・ロッシ,,186,393,212,472,442,374,2079,,,2
浜岳セルヴェリオ,DF,14,山上 信介,やまがみ しんすけ,76,395,276,383,147,186,1463,,,2
浜岳セルヴェリオ,DF,15,西山 英光,にしやま ひでみつ,285,342,475,441,402,359,2304,,,2
浜岳セルヴェリオ,DF,20,金 直秀,きむ なおひで,222,496,406,371,446,399,2340,,,2
浜岳セルヴェリオ,DF,22,富田 正崇,とみた まさたか,14,354,472,327,59,326,1552,,,2
浜岳セルヴェリオ,DF,24,宮脇 有一,みやわき ゆういち,120,433,276,371,334,150,1684,,,2
浜岳セルヴェリオ,MF,6,金丸 周作,かなまる しゅうさく,309,237,245,238,71,351,1451,,,2
浜岳セルヴェリオ,MF,8,富山 信義,とみやま のぶよし,247,273,225,311,308,258,1622,,,2
浜岳セルヴェリオ,MF,16,黒田 雄幸,くろだ ゆうこう,355,267,286,296,458,253,1915,,,2
浜岳セルヴェリオ,MF,17,薩摩 良,さつま りょう,337,285,409,332,29,238,1630,,,2
浜岳セルヴェリオ,MF,19,畑中 眞二,はたなか しんじ,260,359,210,226,240,293,1588,,,2
浜岳セルヴェリオ,MF,23,辻 史,つじ ふみひと,258,396,316,278,233,359,1840,,,2
浜岳セルヴェリオ,MF,25,大友 恵治,おおとも けいじ,207,275,276,217,345,226,1546,,,2
浜岳セルヴェリオ,MF,30,宮入 一浩,みやいり かずひろ,334,245,420,283,290,354,1926,,,2
浜岳セルヴェリオ,MF,33,勝川 浩史,かつかわ ひろし,338,288,435,223,131,220,1635,,,2
浜岳セルヴェリオ,FW,7,熊川 正之,くまがわ まさゆ,493,312,227,164,428,351,1975,,,2
浜岳セルヴェリオ,FW,9,フェリペ・コスタ,,387,446,349,52,193,483,1910,,,2
浜岳セルヴェリオ,FW,10,チアゴ・リベイロ,,451,289,392,219,305,416,2072,,,2
浜岳セルヴェリオ,FW,11,辻 国夫,つじ くにお,418,373,264,108,497,304,1964,,,2
浜岳セルヴェリオ,FW,18,佐藤 淳一,さとう じゅんいち,476,405,315,238,116,462,2012,,,2
浜岳セルヴェリオ,FW,27,高橋 寛,たかはし ひろし,402,354,371,83,260,397,1867,,,2
,,,,,,,,,チーム計,,48288,,,
team,pos,no,namea,nameb,OFF,PHY,STA,DEF,MEN,TEC,sum,年齢,年俸,div
影取カーヴェリオ,GK,1,榎本 太吾,えのもと だいご,35,377,267,395,289,207,1570,,,2
影取カーヴェリオ,GK,21,今橋 泰久,いまはし やすひさ,43,351,175,342,71,267,1249,,,2
影取カーヴェリオ,GK,30,野崎 朋己,のざき ともき,30,348,168,342,500,251,1639,,,2
影取カーヴェリオ,DF,2,三村 英高,みむら ひでたか,153,420,234,318,325,247,1697,,,2
影取カーヴェリオ,DF,3,畠山 英志,はたけやま ひでゆき,138,329,335,430,431,379,2042,,,2
影取カーヴェリオ,DF,4,高石 久嗣,たかいし ひさし,39,426,455,472,59,204,1655,,,2
影取カーヴェリオ,DF,5,江戸川 幸平,えどがわ こうへい,186,393,212,472,442,374,2079,,,2
影取カーヴェリオ,DF,13,大槻 勇歩,おおつき ゆうほ,76,395,276,383,147,186,1463,,,2
影取カーヴェリオ,DF,14,山脇 広司,やまわき こうじ,285,342,475,441,402,359,2304,,,2
影取カーヴェリオ,DF,17,戸村 国雄,とむら くにお,222,496,406,371,446,399,2340,,,2
影取カーヴェリオ,DF,22,森 英樹,もり ひでき,120,344,362,324,66,344,1560,,,2
影取カーヴェリオ,DF,24,高木 太郎,たかぎ たろう,115,446,226,489,74,276,1626,,,2
影取カーヴェリオ,MF,6,山下 淳,やました あつし,309,237,245,238,71,351,1451,,,2
影取カーヴェリオ,MF,7,前田 浩司,まえだ こうじ,247,273,225,311,308,258,1622,,,2
影取カーヴェリオ,MF,8,伊東 哲也,いとう てつや,355,267,286,296,458,253,1915,,,2
影取カーヴェリオ,MF,15,西村 雅之,にしむら まさゆき,337,285,409,332,29,238,1630,,,2
影取カーヴェリオ,MF,16,川口 修,かわぐち おさむ,260,359,210,226,240,293,1588,,,2
影取カーヴェリオ,MF,18,津田 正人,つだ まさと,258,396,316,278,233,359,1840,,,2
影取カーヴェリオ,MF,20,梅田 淳一,うめだ じゅんいち,207,275,276,217,345,226,1546,,,2
影取カーヴェリオ,MF,23,藤田 憲二,ふじた けんじ,334,245,420,283,290,354,1926,,,2
影取カーヴェリオ,MF,25,谷本 茂,たにもと しげる,338,288,435,223,131,220,1635,,,2
影取カーヴェリオ,FW,9,大城 寛,おおしろ ひろし,366,372,445,248,124,363,1918,,,2
影取カーヴェリオ,FW,10,松島 太一,まつしま たいち,269,386,327,234,167,374,1757,,,2
影取カーヴェリオ,FW,11,浅井 貴史,あさい たかし,444,285,271,181,452,323,1956,,,2
影取カーヴェリオ,FW,19,岡村 篤志,おかむら あつし,418,373,264,108,497,304,1964,,,2
影取カーヴェリオ,FW,27,望月 要,もちづき かなめ,476,405,315,238,116,462,2012,,,2
影取カーヴェリオ,FW,31,藤井 一孝,ふじい かずたか,402,354,371,83,260,397,1867,,,2
,,,,,,,,,チーム計,,47851,,,
team,pos,no,namea,nameb,OFF,PHY,STA,DEF,MEN,TEC,sum,年齢,年俸,div
香柏ルヴァーナ,GK,1,高橋 哲也,たかはし てつや,38,387,225,386,263,278,1577,,,2
香柏ルヴァーナ,GK,21,高橋 健一,たかはし けんいち,51,393,107,443,153,231,1378,,,2
香柏ルヴァーナ,GK,30,山本 秀樹,やまもと ひでき,35,377,267,395,289,207,1570,,,2
香柏ルヴァーナ,DF,2,佐藤 充,さとう みつる,43,397,271,446,39,267,1463,,,2
香柏ルヴァーナ,DF,3,松尾 徹,まつお とおる,120,344,362,324,66,344,1560,,,2
香柏ルヴァーナ,DF,4,近藤 稔,こんどう みのる,115,446,226,489,74,276,1626,,,2
香柏ルヴァーナ,DF,5,鈴木 友和,すずき ともかず,68,455,256,482,477,395,2133,,,2
香柏ルヴァーナ,DF,13,安田 潤,やすだ じゅん,155,489,222,466,88,215,1635,,,2
香柏ルヴァーナ,DF,14,木村 修司,きむら しゅうじ,192,309,426,341,390,277,1935,,,2
香柏ルヴァーナ,DF,17,高橋 隆浩,たかはし たかひろ,292,275,311,379,486,150,1893,,,2
香柏ルヴァーナ,DF,22,石川 雄大,いしかわ ゆうだい,21,499,468,309,454,200,1951,,,2
香柏ルヴァーナ,DF,24,川端 哲也,かわばた てつや,145,437,367,414,101,303,1767,,,2
香柏ルヴァーナ,MF,6,伊藤 孝則,いとう たかのり,245,277,247,209,167,225,1370,,,2
香柏ルヴァーナ,MF,7,和田 俊輔,わだ しゅんすけ,293,215,443,236,387,322,1896,,,2
香柏ルヴァーナ,MF,8,大橋 薫,おおはし かおる,243,352,228,247,57,326,1453,,,2
香柏ルヴァーナ,MF,15,奥 直樹,おく なおき,270,396,313,233,468,232,1912,,,2
香柏ルヴァーナ,MF,16,チェ・ミヌ,,272,329,374,383,138,344,1840,,,2
香柏ルヴァーナ,MF,18,テオ・メルテンス,,354,297,275,372,157,234,1689,,,2
香柏ルヴァーナ,MF,20,岩井 裕,いわい ゆたか,301,399,387,240,32,202,1561,,,2
香柏ルヴァーナ,MF,23,中川 鉄也,なかがわ てつや,231,233,358,306,334,257,1719,,,2
香柏ルヴァーナ,MF,25,増田 和義,ますだ かずよし,298,345,256,397,495,300,2091,,,2
香柏ルヴァーナ,FW,9,山中 朗,やまなか あきら,415,378,293,142,461,388,2077,,,2
香柏ルヴァーナ,FW,10,石澤 和也,いしざわ かずや,489,284,356,61,123,473,1786,,,2
香柏ルヴァーナ,FW,11,塚田 宏樹,つかだ ひろき,394,449,241,225,319,321,1949,,,2
香柏ルヴァーナ,FW,19,小林 喜久男,おおくぼ きくお,462,316,388,104,257,495,2022,,,2
香柏ルヴァーナ,FW,27,ルーカス・ミュラー,,437,403,312,183,488,442,2265,,,2
香柏ルヴァーナ,FW,31,ロレンツォ・リッチ,,500,347,269,38,196,365,1715,,,2
,,,,,,,,,チーム計,,47833,,,
team,pos,no,namea,nameb,OFF,PHY,STA,DEF,MEN,TEC,sum,年齢,年俸,div
内海FC,GK,1,許斐 誠,このみ まこと,38,334,187,312,467,330,1668,,,2
内海FC,GK,31,石田 裕道,いしだ ひろみち,66,320,124,493,54,370,1427,,,2
内海FC,GK,36,河端 健,かわばた たけし,73,344,300,403,381,287,1788,,,2
内海FC,DF,2,小林 晶也,こばやし まさや,44,368,392,366,210,226,1606,,,2
内海FC,DF,3,堀切 武,ほりきり たけし,280,476,485,401,211,156,2009,,,2
内海FC,DF,4,坪井 謙太郎,つぼい けんたろう,44,476,240,315,355,222,1652,,,2
内海FC,DF,5,若林 武男,わかばやし たけお,131,358,399,323,44,334,1589,,,2
内海FC,DF,13,岡島 竜二,おかじま りゅうじ,64,327,347,420,120,240,1518,,,2
内海FC,DF,14,木原 敬之,きはら たかゆき,289,384,365,421,452,315,2226,,,2
内海FC,DF,15,野尻 樹,のじり たつき,49,429,304,456,391,338,1967,,,2
内海FC,DF,16,秦 剣,はた けん,236,465,322,490,225,381,2119,,,2
内海FC,DF,20,小村 友樹,こむら ともき,277,499,498,400,218,224,2116,,,2
内海FC,MF,6,ブラム・フォス,,335,238,380,332,375,292,1952,,,2
内海FC,MF,8,小屋敷 裕康,こやしき ひろやす,367,294,378,309,106,212,1666,,,2
内海FC,MF,16,柏尾 良祐,かしお りょうすけ,212,281,416,202,334,320,1765,,,2
内海FC,MF,17,藤中 文貴,ふじなか ふみたか,285,391,264,219,474,378,2011,,,2
内海FC,MF,18,アンドレア・ロマーノ,,352,347,471,371,426,219,2186,,,2
内海FC,MF,21,皆見 裕二,みなみ ゆうじ,285,349,385,227,246,246,1738,,,2
内海FC,MF,22,小橋 康友,こばし やすとも,363,261,447,281,216,344,1912,,,2
内海FC,MF,24,栗本 恒彦,くりもと つねひこ,267,348,252,298,245,388,1798,,,2
内海FC,MF,27,山吹 修司,やまぶき しゅうじ,334,289,443,348,492,309,2215,,,2
内海FC,FW,7,河野 徳男,かわの のりお,451,293,264,182,391,301,1882,,,2
内海FC,FW,9,矢野 宏海,やの ひろみ,395,450,340,158,183,314,1840,,,2
内海FC,FW,11,木坂 隆一,きさか りゅういち,473,304,397,74,302,448,1998,,,2
内海FC,FW,23,広田 忠史,ひろた ただし,406,441,226,199,107,389,1768,,,2
内海FC,FW,25,日野 将大,ひの しょうだい,441,417,335,165,173,347,1878,,,2
内海FC,FW,33,松木 光,まつき みつ,495,294,289,200,272,440,1990,,,2
,,,,,,,,,チーム計,,50284,,,
team,pos,no,namea,nameb,OFF,PHY,STA,DEF,MEN,TEC,sum,年齢,年俸,div
柚木ソリス,GK,1,小林 翔,こばやし しょう,64,349,171,374,83,399,1440,,,2
柚木ソリス,GK,21,鈴木 正明,すずき まさあき,26,305,164,450,314,344,1603,,,2
柚木ソリス,GK,30,高橋 一樹,たかはし かずき,88,319,288,375,388,200,1658,,,2
柚木ソリス,DF,2,松本 健,まつもと けん,20,364,347,494,131,119,1475,,,2
柚木ソリス,DF,3,渡辺 裕之,わたなべ ひろゆき,126,309,484,306,496,267,1988,,,2
柚木ソリス,DF,4,木村 明,きむら あきら,217,481,268,411,339,109,1825,,,2
柚木ソリス,DF,5,石井 幸治,いしい こうじ,261,291,395,495,129,238,1809,,,2
柚木ソリス,DF,13,有馬 大輔,ありま だいすけ,60,305,433,380,323,306,1807,,,2
柚木ソリス,DF,20,永田 悟,ながた さとる,216,294,484,470,54,293,1811,,,2
柚木ソリス,DF,22,原 佑介,はら ゆうすけ,140,460,426,349,150,308,1833,,,2
柚木ソリス,DF,24,神谷 健,かみや けん,120,327,466,360,221,290,1784,,,2
柚木ソリス,DF,33,伊藤 和美,いとう かずみ,34,374,353,362,223,360,1706,,,2
柚木ソリス,MF,6,ミラン・デ・ヴィット,,229,227,445,307,36,228,1472,,,2
柚木ソリス,MF,8,フェリペ・オリヴェイラ,,234,211,294,363,153,279,1534,,,2
柚木ソリス,MF,9,安井 仁,やすい じん,241,384,338,324,126,330,1743,,,2
柚木ソリス,MF,14,山内 裕明,やまうち ひろあき,209,290,249,279,287,290,1604,,,2
柚木ソリス,MF,15,田中 武臣,たなか たけおみ,246,375,274,210,393,277,1775,,,2
柚木ソリス,MF,25,曽田 誠,そだ まこと,225,256,335,237,195,306,1554,,,2
柚木ソリス,MF,26,田端 正和,たばた まさかず,226,307,273,392,166,200,1564,,,2
柚木ソリス,MF,27,山口 登志男,やまぐち としお,266,205,397,301,238,283,1690,,,2
柚木ソリス,MF,31,大野 真樹,おおの まき,368,272,439,350,313,398,2140,,,2
柚木ソリス,FW,7,西川 亨,にしかわ とおる,469,288,379,205,282,429,2052,,,2
柚木ソリス,FW,10,白石 翼,しらいし つばさ,425,351,344,209,473,413,2215,,,2
柚木ソリス,FW,11,宮崎 康雄,みやざき やすお,418,283,322,180,123,459,1785,,,2
柚木ソリス,FW,16,田中 晃,たなか ひかる,470,370,265,154,156,315,1730,,,2
柚木ソリス,FW,17,渡辺 博久,わたなべ ひろひさ,424,312,272,107,197,425,1737,,,2
柚木ソリス,FW,18,ノア・マース,,404,419,249,215,202,361,1850,,,2
,,,,,,,,,チーム計,,47184,,,
team,pos,no,namea,nameb,OFF,PHY,STA,DEF,MEN,TEC,sum,年齢,年俸,div
吉野浜ルーチェ,GK,1,林 孝博,はやし たかひろ,34,336,132,484,84,347,1417,,,2
吉野浜ルーチェ,GK,21,児玉 章,こだま あきら,33,298,177,465,347,236,1556,,,2
吉野浜ルーチェ,GK,30,前田 孝弘,まえだ たかひろ,50,379,124,357,76,283,1269,,,2
吉野浜ルーチェ,DF,2,鈴木 成夫,すずき しげお,75,345,312,428,336,311,1807,,,2
吉野浜ルーチェ,DF,3,北野 章,きたの あきら,142,341,475,459,88,303,1808,,,2
吉野浜ルーチェ,DF,4,山本 皓太,やまもと こうた,120,441,467,410,243,112,1793,,,2
吉野浜ルーチェ,DF,5,青山 和博,あおやま かずひろ,62,456,250,468,13,134,1383,,,2
吉野浜ルーチェ,DF,13,山下 一久,やました かずひさ,241,269,394,364,69,357,1694,,,2
吉野浜ルーチェ,DF,22,フェデリコ・リッチ,,192,328,252,405,467,320,1964,,,2
吉野浜ルーチェ,DF,24,米沢 大輝,よねざわ だいき,245,313,286,433,269,206,1752,,,2
吉野浜ルーチェ,DF,32,岩永 昌俊,いわなが まさとし,230,421,255,362,207,322,1797,,,2
吉野浜ルーチェ,DF,33,崔 竜太郎,さい りゅうたろう,248,269,422,448,433,384,2204,,,2
吉野浜ルーチェ,MF,6,森田 佳晴,もりた よしはる,322,236,435,248,415,267,1923,,,2
吉野浜ルーチェ,MF,8,伊集院 一朗,いじゅういん いちろう,303,240,275,213,190,222,1443,,,2
吉野浜ルーチェ,MF,10,花上 和哉,はなうえ かずや,366,372,445,248,124,363,1918,,,2
吉野浜ルーチェ,MF,14,尾関 守彦,おぜき もりひこ,269,386,327,234,167,374,1757,,,2
吉野浜ルーチェ,MF,16,江森 英紀,えもり ひでき,337,251,414,360,201,251,1814,,,2
吉野浜ルーチェ,MF,19,石川 心,いしかわ しん,335,346,362,323,193,378,1937,,,2
吉野浜ルーチェ,MF,23,城間 隆志,しろま たかし,372,306,348,287,33,289,1635,,,2
吉野浜ルーチェ,MF,25,手島 雅嗣,てしま まさつぐ,250,347,323,352,117,329,1718,,,2
吉野浜ルーチェ,MF,37,草薙 剛司,くさなぎ たけし,222,311,343,338,319,380,1913,,,2
吉野浜ルーチェ,FW,7,柏木 大彰,かしわぎ ひろあき,465,447,230,119,369,343,1973,,,2
吉野浜ルーチェ,FW,9,ルーカス・メルテンス,,436,367,396,79,310,414,2002,,,2
吉野浜ルーチェ,FW,11,ガブリエウ・アルメイダ,,469,323,305,23,296,491,1907,,,2
吉野浜ルーチェ,FW,15,佐藤 一彦,さとう かずひこ,383,448,274,36,341,343,1825,,,2
吉野浜ルーチェ,FW,20,藤原 聡,ふじわら さとし,499,334,329,68,117,366,1713,,,2
吉野浜ルーチェ,FW,27,近藤 実,こんどう みのる,498,428,376,165,394,413,2274,,,2
,,,,,,,,,チーム計,,48196,,,
team,pos,no,namea,nameb,OFF,PHY,STA,DEF,MEN,TEC,sum,年齢,年俸,div
成木シティFC,GK,1,西川 彰,にしかわ あきら,73,378,186,362,313,362,1674,,,2
成木シティFC,GK,21,山田 崇志,やまだ たかし,14,313,136,372,17,297,1149,,,2
成木シティFC,GK,30,松永 勝,まつなが まさる,30,299,280,334,202,264,1409,,,2
成木シティFC,DF,2,鈴木 貴一,すずき きいち,167,297,311,339,455,135,1704,,,2
成木シティFC,DF,3,桜井 真一,さくらい しんいち,149,416,284,425,325,265,1864,,,2
成木シティFC,DF,4,荒井 寛之,あらい ひろゆき,263,369,462,445,394,365,2298,,,2
成木シティFC,DF,5,神田 充,かんだ みつる,253,303,267,311,251,226,1611,,,2
成木シティFC,DF,13,福田 元気,ふくだ げんき,264,279,480,383,369,217,1992,,,2
成木シティFC,DF,14,三輪 直也,みわ なおや,135,430,260,302,298,152,1577,,,2
成木シティFC,DF,17,矢島 一郎,やじま いちろう,227,287,317,374,323,304,1832,,,2
成木シティFC,DF,22,大谷 勇一,おおたに ゆういち,31,443,390,485,226,299,1874,,,2
成木シティFC,DF,24,近藤 和敏,こんどう かずとし,298,381,276,467,336,175,1933,,,2
成木シティFC,MF,6,井上 諒介,いのうえ りょうすけ,213,373,275,282,481,338,1962,,,2
成木シティFC,MF,7,片岡 真樹,かたおか まさき,386,268,228,272,136,244,1534,,,2
成木シティFC,MF,8,渡邊 英和,わたなべ ひでかず,354,375,383,278,280,219,1889,,,2
成木シティFC,MF,15,西原 謙一,にしはら けんいち,301,249,474,238,395,382,2039,,,2
成木シティFC,MF,16,諏訪 裕太,すわ ゆうた,360,344,229,353,365,233,1884,,,2
成木シティFC,MF,18,ルーク・フェルムーレン,,310,211,301,299,150,334,1605,,,2
成木シティFC,MF,20,守屋 雅和,もりや まさかず,254,374,335,252,455,236,1906,,,2
成木シティFC,MF,23,斉藤 邦章,さいとう くにあき,327,259,304,359,253,328,1830,,,2
成木シティFC,MF,25,太田 友文,おおた ともふみ,242,295,426,310,45,302,1620,,,2
成木シティFC,FW,9,ルーカス・ロドリゲス,,457,308,256,146,160,451,1778,,,2
成木シティFC,FW,10,ペドロ・バルボーザ,,479,437,243,237,444,364,2204,,,2
成木シティFC,FW,11,コ・ミンジェ,,396,410,309,249,152,423,1939,,,2
成木シティFC,FW,19,井上 智彦,いのうえ としひこ,400,377,373,85,460,335,2030,,,2
成木シティFC,FW,27,村川 慶太,むらかわ けいた,492,317,339,189,256,466,2059,,,2
成木シティFC,FW,31,今枝 圭,いまえだ けい,491,309,372,114,276,338,1900,,,2
,,,,,,,,,チーム計,,49096,,,
team,pos,no,namea,nameb,OFF,PHY,STA,DEF,MEN,TEC,sum,年齢,年俸,div
浜見デルマーレ,GK,1,伊藤 健太郎,いとう けんたろう,76,367,235,325,99,246,1348,,,1
浜見デルマーレ,GK,21,井上 崇,いのうえ たかし,70,343,248,423,155,253,1492,,,1
浜見デルマーレ,GK,29,武田 聡,たけだ さとし,27,376,266,473,196,238,1576,,,1
浜見デルマーレ,DF,2,藤田 茂,ふじた しげる,41,370,326,338,266,179,1520,,,1
浜見デルマーレ,DF,3,井上 拓,いのうえ たく,163,288,446,319,369,104,1689,,,1
浜見デルマーレ,DF,4,佐藤 駿介,さとう しゅんすけ,246,380,400,306,140,393,1865,,,1
浜見デルマーレ,DF,5,斉藤 敦,さいとう あつし,87,481,478,331,170,107,1654,,,1
浜見デルマーレ,DF,13,近藤 伸一,こんどう しんいち,184,381,402,368,360,392,2087,,,1
浜見デルマーレ,DF,22,坂本 司,さかもと つかさ,102,351,411,357,397,202,1820,,,1
浜見デルマーレ,DF,24,木村 健次,きむら けんじ,281,476,317,366,246,397,2083,,,1
浜見デルマーレ,DF,32,森田 悠,もりた ゆう,32,463,220,412,318,335,1780,,,1
浜見デルマーレ,DF,33,渡辺 英幸,わたなべ ひでゆき,149,497,349,481,370,165,2011,,,1
浜見デルマーレ,MF,6,藤澤 淳,ふじさわ じゅん,345,258,329,281,78,281,1572,,,1
浜見デルマーレ,MF,8,竹本 剛,たけもと つよし,286,278,286,304,407,285,1846,,,1
浜見デルマーレ,MF,10,甲斐 陽介,かい ようすけ,363,233,229,366,141,201,1533,,,1
浜見デルマーレ,MF,14,櫻庭 正宏,さくらば まさひろ,228,244,230,273,232,294,1501,,,1
浜見デルマーレ,MF,16,井関 明洋,いせき あきひろ,363,386,494,351,366,359,2319,,,1
浜見デルマーレ,MF,19,山野 宏一,やまの ひろかず,229,323,478,381,275,385,2071,,,1
浜見デルマーレ,MF,23,菅野 優太,すがの ゆうた,331,281,237,358,17,298,1522,,,1
浜見デルマーレ,MF,25,金 隆幸,きん たかゆき,288,221,447,227,293,365,1841,,,1
浜見デルマーレ,MF,37,若狭 淳一,わかさ じゅんいち,277,359,313,231,414,212,1806,,,1
浜見デルマーレ,FW,7,渡部 秀隆,わたなべ ひでたか,442,318,370,208,165,452,1955,,,1
浜見デルマーレ,FW,9,柏木 賢太,かしわぎ けんた,430,420,394,164,361,379,2148,,,1
浜見デルマーレ,FW,11,涌井 太一,わくい たいち,435,390,381,98,120,444,1868,,,1
浜見デルマーレ,FW,15,リアム・ウィルソン,,402,437,341,196,381,458,2215,,,1
浜見デルマーレ,FW,20,ジェームズ・ミラー,,494,308,230,52,201,360,1645,,,1
浜見デルマーレ,FW,26,アシュラフ・ハキミ,,435,338,318,17,198,345,1651,,,1
,,,,,,,,,チーム計,,48418,,,
team,pos,no,namea,nameb,OFF,PHY,STA,DEF,MEN,TEC,sum,年齢,年俸,div
ルセリオ峰岡,GK,1,松村 康一,まつむら こういち,38,304,270,359,203,231,1405,,,1
ルセリオ峰岡,GK,31,池田 良成,いけだ よしなり,55,361,132,456,241,350,1595,,,1
ルセリオ峰岡,GK,36,北野 勇樹,きたの ゆうき,35,297,112,437,153,288,1322,,,1
ルセリオ峰岡,DF,2,石川 幹,いしかわ みき,44,422,494,338,420,102,1820,,,1
ルセリオ峰岡,DF,3,谷口 孝洋,たにぐち たかひろ,54,498,384,320,386,223,1865,,,1
ルセリオ峰岡,DF,4,川島 英彦,かわしま ひでひこ,291,258,460,370,140,217,1736,,,1
ルセリオ峰岡,DF,5,西村 敬治,にしむら けいじ,183,460,256,456,283,224,1862,,,1
ルセリオ峰岡,DF,13,荒井 勝利,あらい かつとし,282,252,493,485,369,262,2143,,,1
ルセリオ峰岡,DF,14,塚田 忍,つかだ しのぶ,163,258,290,348,214,349,1622,,,1
ルセリオ峰岡,DF,15,福岡 明彦,ふくおか あきひこ,271,487,448,318,216,192,1932,,,1
ルセリオ峰岡,DF,16,織田 修平,おだ しゅうへい,216,346,320,394,369,172,1817,,,1
ルセリオ峰岡,DF,20,森田 泰雄,もりた やすお,170,453,330,315,163,380,1811,,,1
ルセリオ峰岡,MF,6,後藤 浩紀,ごとう ひろき,326,343,446,216,486,253,2070,,,1
ルセリオ峰岡,MF,8,吉川 光博,よしかわ みつひろ,242,363,305,345,469,340,2064,,,1
ルセリオ峰岡,MF,16,小林 好雄,こばやし よしお,370,204,446,241,145,362,1768,,,1
ルセリオ峰岡,MF,17,鈴木 克吉,すずき かつよし,227,367,414,223,337,232,1800,,,1
ルセリオ峰岡,MF,18,荒木 佳之,あらき よしゆき,292,360,426,383,98,367,1926,,,1
ルセリオ峰岡,MF,21,星野 晃一,ほしの こういち,242,322,418,288,91,352,1713,,,1
ルセリオ峰岡,MF,22,小野寺 雄一郎,おのでら ゆういちろう,323,310,222,357,472,334,2018,,,1
ルセリオ峰岡,MF,24,宮原 祐樹,みやはら ゆうき,333,291,221,209,87,322,1463,,,1
ルセリオ峰岡,MF,27,中沼 慎也,なかぬま しんや,368,392,316,237,321,279,1913,,,1
ルセリオ峰岡,FW,7,長沼 拓史,ながぬま たくし,445,310,229,17,423,304,1728,,,1
ルセリオ峰岡,FW,9,河西 隆三,かわにし りゅうぞう,409,414,387,77,201,375,1863,,,1
ルセリオ峰岡,FW,11,竪山 知也,たてやま ともや,461,382,233,158,499,395,2128,,,1
ルセリオ峰岡,FW,23,潮田 嘉,うしおだ よしみ,422,393,317,189,277,463,2061,,,1
ルセリオ峰岡,FW,25,マテウス・コスタ,,498,290,383,167,461,340,2139,,,1
ルセリオ峰岡,FW,33,エンゾ・カルヴァーリョ,,387,416,332,168,208,443,1954,,,1
,,,,,,,,,チーム計,,49538,,,
team,pos,no,namea,nameb,OFF,PHY,STA,DEF,MEN,TEC,sum,年齢,年俸,div
ルシエル星丘,GK,1,江上 弘晃,えがみ ひろあき,92,283,174,357,456,328,1690,,,1
ルシエル星丘,GK,21,三苫 博史,みとま ひろし,51,283,240,344,476,242,1636,,,1
ルシエル星丘,GK,30,大場 章生,おおば あきお,92,390,214,344,160,373,1573,,,1
ルシエル星丘,DF,2,高 尚輝,たか なおき,112,495,314,484,260,397,2062,,,1
ルシエル星丘,DF,3,出口 基希,でぐち もとき,296,373,405,347,318,112,1851,,,1
ルシエル星丘,DF,4,波塚 大地,なみづか だいち,220,370,349,362,399,309,2009,,,1
ルシエル星丘,DF,5,弦巻 昌宏,つるまき まさひろ,236,374,257,349,352,130,1698,,,1
ルシエル星丘,DF,13,寺島 茂光,てらしま しげみつ,217,380,205,301,367,273,1743,,,1
ルシエル星丘,DF,14,城田 禎,しろた ただし,276,447,317,307,265,370,1982,,,1
ルシエル星丘,DF,17,芝辻 誠一,しばつじ せいいち,287,319,267,309,187,144,1513,,,1
ルシエル星丘,DF,22,有山 聡司,ありやま さとし,107,389,274,420,73,343,1606,,,1
ルシエル星丘,DF,24,大口 修久,おおぐち のぶひさ,269,438,215,481,483,226,2112,,,1
ルシエル星丘,MF,6,岩附 孝一郎,いわつき こういちろう,320,305,331,256,80,212,1504,,,1
ルシエル星丘,MF,7,関矢 紳吾,せきや しんご,390,228,468,299,299,219,1903,,,1
ルシエル星丘,MF,8,寺久保 泰夫,てらくぼ やすお,202,230,332,366,184,253,1567,,,1
ルシエル星丘,MF,15,難波江 清博,なばえ きよひろ,296,233,337,280,467,370,1983,,,1
ルシエル星丘,MF,16,堀北 統一郎,ほりきた とういちろう,257,255,210,233,111,369,1435,,,1
ルシエル星丘,MF,18,三林 正,みつばやし ただし,385,259,380,285,306,384,1999,,,1
ルシエル星丘,MF,20,徳田 清明,とくだ きよあき,282,217,429,356,136,396,1816,,,1
ルシエル星丘,MF,23,重吉 洋,しげよし ひろし,208,264,436,277,477,201,1863,,,1
ルシエル星丘,MF,25,長谷川 卓也,はせがわ たくや,225,251,361,296,305,291,1729,,,1
ルシエル星丘,FW,9,見崎 健志,みさき たけし,413,304,273,78,326,438,1832,,,1
ルシエル星丘,FW,10,ガブリエウ・シルヴァ,,415,336,240,177,358,302,1828,,,1
ルシエル星丘,FW,11,セム・ヘンドリクス,,499,282,248,189,440,445,2103,,,1
ルシエル星丘,FW,19,深井 光洋,ふかい みつひろ,461,291,266,249,136,303,1706,,,1
ルシエル星丘,FW,27,榊原 裕光,さかきばら ひろみつ,382,337,332,160,349,301,1861,,,1
ルシエル星丘,FW,31,大久保 一功,おおくぼ かずのり,418,307,329,143,413,364,1974,,,1
,,,,,,,,,チーム計,,48578,,,
team,pos,no,namea,nameb,OFF,PHY,STA,DEF,MEN,TEC,sum,年齢,年俸,div
セルヴァ鵜野森,GK,1,アレッサンドロ・ビアンキ,,96,314,171,494,351,357,1783,,,2
セルヴァ鵜野森,GK,21,石川 雄介,いしかわ ゆうすけ,30,394,170,460,313,303,1670,,,2
セルヴァ鵜野森,GK,29,吉野 直樹,よしの なおき,99,309,131,407,72,341,1359,,,2
セルヴァ鵜野森,DF,2,小泉 徹,こいずみ とおる,270,385,489,332,196,284,1956,,,2
セルヴァ鵜野森,DF,3,高橋 卓,たかはし たかし,28,261,489,320,77,156,1331,,,2
セルヴァ鵜野森,DF,4,小山 洋平,こやま ようへい,11,417,482,481,28,311,1730,,,2
セルヴァ鵜野森,DF,5,田中 貴宏,たなか たかひろ,179,421,411,444,214,198,1867,,,2
セルヴァ鵜野森,DF,13,渡辺 慎一郎,わたなべ しんいちろう,230,296,368,499,212,365,1970,,,2
セルヴァ鵜野森,DF,22,井上 光一,いのうえ こういち,115,263,300,497,236,298,1709,,,2
セルヴァ鵜野森,DF,24,金 学,きむ まなぶ,236,292,282,419,467,231,1927,,,2
セルヴァ鵜野森,DF,32,小林 和行,,22,390,462,446,91,209,1620,,,2
セルヴァ鵜野森,DF,33,アレハンドロ・ゴンサレス,,115,303,397,320,88,346,1569,,,2
セルヴァ鵜野森,MF,6,パク・ハジュン,,326,290,300,309,102,313,1640,,,2
セルヴァ鵜野森,MF,8,持田 太郎,もちだ たろう,356,385,316,214,362,313,1946,,,2
セルヴァ鵜野森,MF,10,石丸 純,いしまる じゅん,317,367,291,234,57,275,1541,,,2
セルヴァ鵜野森,MF,14,中野 彰一,なかの しょういち,343,249,486,250,123,384,1835,,,2
セルヴァ鵜野森,MF,16,山田 佳紀,やまだ よしのり,291,217,226,230,363,354,1681,,,2
セルヴァ鵜野森,MF,19,三原 光,みはら ひかる,393,286,355,244,473,392,2143,,,2
セルヴァ鵜野森,MF,23,林 昌治,はやし まさはる,371,260,316,215,484,313,1959,,,2
セルヴァ鵜野森,MF,25,上村 健介,うえむら けんすけ,333,344,242,218,451,372,1960,,,2
セルヴァ鵜野森,MF,37,野村 洋志,のむら ひろし,242,220,393,336,101,341,1633,,,2
セルヴァ鵜野森,FW,7,三吉 大輔,みよし だいすけ,425,364,236,125,256,407,1813,,,2
セルヴァ鵜野森,FW,9,加藤 淳,かとう きよし,430,350,322,34,466,400,2002,,,2
セルヴァ鵜野森,FW,11,山口 穂高,やまぐち ほだか,476,389,361,135,455,308,2124,,,2
セルヴァ鵜野森,FW,15,宮川 和之,みやがわ かずゆき,404,445,327,203,319,410,2108,,,2
セルヴァ鵜野森,FW,20,ディミトリス・イコノム,,432,347,400,197,225,332,1933,,,2
セルヴァ鵜野森,FW,26,サンティゴ・ロドリゲス,,383,441,279,70,240,443,1856,,,2
,,,,,,,,,チーム計,,48665,,,
team,pos,no,namea,nameb,OFF,PHY,STA,DEF,MEN,TEC,sum,年齢,年俸,div
国分FC,GK,1,矢野 逸郎,やの いつろう,97,378,280,500,438,206,1899,,,1
国分FC,GK,29,助川 秀明,すけがわ ひであき,40,376,225,351,405,396,1793,,,1
国分FC,GK,33,花田 将,はなだ まさる,12,389,205,413,50,281,1350,,,1
国分FC,DF,2,松本 勇翔,まつもと ゆうと,121,476,369,448,147,216,1777,,,1
国分FC,DF,3,香取 賢司,かとり けんじ,58,431,397,494,387,162,1929,,,1
国分FC,DF,4,松下 文太,まつした ぶんた,121,421,489,334,288,371,2024,,,1
国分FC,DF,5,淺野 孝一,あさの こういち,282,287,384,380,221,302,1856,,,1
国分FC,DF,13,藤田 文哲,ふじた ぶんてつ,119,259,438,353,405,261,1835,,,1
国分FC,DF,15,内田 俊昌,うちだ としまさ,195,296,203,398,36,116,1244,,,1
国分FC,DF,16,高井 憲男,たかい のりお,177,344,325,482,274,285,1887,,,1
国分FC,DF,20,蛭川 正之,ひるかわ まさゆき,123,334,424,360,126,111,1478,,,1
国分FC,DF,22,小形 康人,おがた やすひと,223,266,316,390,237,373,1805,,,1
国分FC,MF,6,大地 直哉,だいち なおや,391,229,209,351,269,306,1755,,,1
国分FC,MF,7,薩摩 弘明,さつま ひろあき,244,384,395,358,482,267,2130,,,1
国分FC,MF,8,改發 進,かいはつ すすむ,389,240,260,389,125,268,1671,,,1
国分FC,MF,14,照屋 基行,てるや もとゆき,227,230,406,346,323,222,1754,,,1
国分FC,MF,17,澄田 光平,すみだ こうへい,280,364,453,392,50,253,1792,,,1
国分FC,MF,19,小関 優真,おぜき ゆうま,227,367,335,309,238,272,1748,,,1
国分FC,MF,21,御代田 良平,みよた りょうへい,266,383,301,253,215,252,1670,,,1
国分FC,MF,23,竹氏 隆宏,たけうじ たかひろ,353,277,396,275,342,320,1963,,,1
国分FC,MF,25,白土 幸嗣,しらど こうじ,257,267,252,272,47,206,1301,,,1
国分FC,FW,9,二石 朋宏,ふたいし あきひろ,418,414,387,83,324,499,2125,,,1
国分FC,FW,10,小山 徹,おやま とおる,482,292,311,127,291,441,1944,,,1
国分FC,FW,11,石崎 正樹,いしざき まさき,495,303,342,163,405,499,2207,,,1
国分FC,FW,18,中山 輝彦,なかやま てるひこ,488,281,268,19,449,430,1935,,,1
国分FC,FW,27,小山 新一,こやま しんいち,431,428,379,167,176,303,1884,,,1
国分FC,FW,30,松井 雄治,まつい ゆうじ,491,329,265,238,150,347,1820,,,1
,,,,,,,,,チーム計,,48576,,,
team,pos,no,namea,nameb,OFF,PHY,STA,DEF,MEN,TEC,sum,年齢,年俸,div
月夜野セレネFC,GK,1,竹村 真平,たけむら しんぺい,33,353,195,350,60,250,1241,,,2
月夜野セレネFC,GK,20,鄭 健介,ちょん けんすけ,75,380,212,331,174,287,1459,,,2
月夜野セレネFC,GK,36,白 正明,はく まさあき,13,367,145,349,386,281,1541,,,2
月夜野セレネFC,DF,2,浜口 隆二,はまぐち りゅうじ,222,380,475,382,111,214,1784,,,2
月夜野セレネFC,DF,3,椿原 健司,つばきはら けんじ,198,315,366,438,60,345,1722,,,2
月夜野セレネFC,DF,4,荒谷 貴大,あらたに たかひろ,68,382,294,343,257,265,1609,,,2
月夜野セレネFC,DF,5,後藤 道大,ごとう みちひろ,152,448,459,395,278,147,1879,,,2
月夜野セレネFC,DF,13,澤村 遼太,さわむら りょうた,47,334,245,416,81,160,1283,,,2
月夜野セレネFC,DF,15,松岡 重紀,まつおか しげき,273,452,262,402,161,196,1746,,,2
月夜野セレネFC,DF,20,糸井 貴行,いとい たかゆき,233,435,429,420,297,119,1933,,,2
月夜野セレネFC,DF,24,齊藤 友文,さいとう ともふみ,127,353,227,349,109,331,1496,,,2
月夜野セレネFC,DF,28,平本 正紀,ひらもと まさのり,211,489,264,452,327,113,1856,,,2
月夜野セレネFC,MF,6,倉持 隆光,くらもち たかみつ,346,399,206,273,69,304,1597,,,2
月夜野セレネFC,MF,8,笹岡 久志,ささおか ひさし,310,235,353,390,342,357,1987,,,2
月夜野セレネFC,MF,10,久多良木 隆,くたらぎ たかし,282,353,283,266,431,224,1839,,,2
月夜野セレネFC,MF,11,寛野 大輔,かんの だいすけ,350,242,225,389,280,380,1866,,,2
月夜野セレネFC,MF,14,安藝 孝之,あき たかゆき,365,206,284,319,452,222,1848,,,2
月夜野セレネFC,MF,18,武 隆生,たけ たかお,345,226,377,290,219,269,1726,,,2
月夜野セレネFC,MF,19,岩間 史,いわま ふみと,351,296,477,312,107,268,1811,,,2
月夜野セレネFC,MF,21,板尾 悟,いたお さとる,270,303,210,351,461,251,1846,,,2
月夜野セレネFC,MF,30,堤 潤二郎,つつみ じゅんじろう,379,340,213,250,448,233,1863,,,2
月夜野セレネFC,FW,7,櫻木 治樹,さくらぎ はるき,486,424,381,135,324,445,2195,,,2
月夜野セレネFC,FW,9,柿本 宏信,かきもと ひろのぶ,490,289,393,175,169,387,1903,,,2
月夜野セレネFC,FW,16,岩永 義太郎,いわなが よしたろう,498,287,392,39,303,371,1890,,,2
月夜野セレネFC,FW,17,八巻 光好,やまき みつよし,410,305,341,21,233,333,1643,,,2
月夜野セレネFC,FW,22,上紺屋 卓,かみこんや たく,433,345,244,12,190,482,1706,,,2
月夜野セレネFC,FW,25,益永 善晴,ますなが よしはる,386,374,237,244,246,460,1947,,,2
,,,,,,,,,チーム計,,47216,,,
team,pos,no,namea,nameb,OFF,PHY,STA,DEF,MEN,TEC,sum,年齢,年俸,div
アストラル月夜野,GK,1,呉屋 正紀,ごや まさのり,45,290,300,453,436,390,1914,,,2
アストラル月夜野,GK,21,応本 博,おうもと ひろし,96,378,207,416,321,362,1780,,,2
アストラル月夜野,GK,30,金岡 謙,かねおか けん,28,343,112,372,300,377,1532,,,2
アストラル月夜野,DF,2,村川 吉成,むらかわ よしなり,103,309,202,354,366,249,1583,,,2
アストラル月夜野,DF,3,仙名 耕平,せんな こうへい,284,489,332,468,413,157,2143,,,2
アストラル月夜野,DF,4,梶浦 彰弘,かじうら あきひろ,135,325,312,494,475,209,1950,,,2
アストラル月夜野,DF,5,佐久山 伸吾,さくやま しんご,238,279,481,417,202,201,1818,,,2
アストラル月夜野,DF,13,竹治 祐人,たけじ ゆうと,81,391,493,487,86,244,1782,,,2
アストラル月夜野,DF,14,古川 大輔,ふるかわ だいすけ,26,409,318,475,357,347,1932,,,2
アストラル月夜野,DF,17,大西 克明,おおにし かつあき,227,453,349,345,241,238,1853,,,2
アストラル月夜野,DF,22,石田 真彦,いしだ まさひこ,284,427,210,499,237,337,1994,,,2
アストラル月夜野,DF,24,関 孝弘,せき たかひろ,26,410,282,394,390,217,1719,,,2
アストラル月夜野,MF,6,トーマス・ウィリアムズ,,377,363,403,320,219,311,1993,,,2
アストラル月夜野,MF,7,チアゴ・リマ,,217,375,367,266,125,259,1609,,,2
アストラル月夜野,MF,8,高崎 正明,たかさき まさあき,223,329,364,315,492,262,1985,,,2
アストラル月夜野,MF,15,岩永 潔,いわなが きよし,326,314,468,393,131,364,1996,,,2
アストラル月夜野,MF,16,梶本 卓也,かじもと たくや,320,208,498,361,194,265,1846,,,2
アストラル月夜野,MF,18,佐野 安弘,さの やすひろ,306,333,337,345,171,244,1736,,,2
アストラル月夜野,MF,20,藤澤 俊祐,ふじさわ しゅんすけ,396,347,465,392,186,226,2012,,,2
アストラル月夜野,MF,23,坂本 和紀,さかもと かずのり,239,218,440,230,301,329,1757,,,2
アストラル月夜野,MF,25,鬼頭 悟,きとう さとる,252,274,341,279,155,326,1627,,,2
アストラル月夜野,FW,9,ソン・ジュンソ,,384,447,243,141,158,358,1731,,,2
アストラル月夜野,FW,10,秋塲 一広,あきば かずひろ,392,289,224,51,468,306,1730,,,2
アストラル月夜野,FW,11,寺原 宗則,てらばる むねのり,398,423,306,174,314,432,2047,,,2
アストラル月夜野,FW,19,小笹 朋治,こざさ ともはる,495,399,221,91,165,334,1705,,,2
アストラル月夜野,FW,27,ダーン・ファン・レーウェン,,451,331,264,162,473,435,2116,,,2
アストラル月夜野,FW,31,イーサン・サリヴァン,,478,354,375,137,167,378,1889,,,2
,,,,,,,,,チーム計,,49779,,,
team,pos,no,namea,nameb,OFF,PHY,STA,DEF,MEN,TEC,sum,年齢,年俸,div
城南レイクランツ,GK,1,宮城 功,みやぎ いさお,13,393,186,385,15,270,1262,,,2
城南レイクランツ,GK,21,田代 隆之,たしろ たかゆき,23,322,117,360,413,293,1528,,,2
城南レイクランツ,GK,30,坂本 広大,さかもと こうだい,51,288,250,486,174,395,1644,,,2
城南レイクランツ,DF,2,廣瀬 亘,ひろせ わたる,159,355,473,312,188,324,1811,,,2
城南レイクランツ,DF,3,坂田 亮平,さかた りょうへい,200,438,498,348,152,348,1984,,,2
城南レイクランツ,DF,4,鈴木 誠之,すずき せいし,279,403,227,378,99,288,1674,,,2
城南レイクランツ,DF,5,松原 宏和,まつばら ひろかず,190,442,384,354,443,373,2186,,,2
城南レイクランツ,DF,13,太田 聡一,おおた そういち,176,288,217,316,253,367,1617,,,2
城南レイクランツ,DF,22,小野寺 健次,おのでら けんじ,27,375,437,452,332,109,1732,,,2
城南レイクランツ,DF,24,伊藤 泰信,いとう やすのぶ,37,348,378,370,432,377,1942,,,2
城南レイクランツ,DF,32,松永 信雄,まつなが のぶお,236,319,459,406,183,348,1951,,,2
城南レイクランツ,DF,33,平塚 和宏,ひらつか かずひろ,271,417,374,355,453,125,1995,,,2
城南レイクランツ,MF,6,ラファエル・バルボーザ,,354,276,320,250,288,393,1881,,,2
城南レイクランツ,MF,8,長田 誠,おさだ まこと,281,266,395,272,348,357,1919,,,2
城南レイクランツ,MF,10,山本 将吾,やまもと しょうご,317,397,347,308,413,258,2040,,,2
城南レイクランツ,MF,14,高木 祐樹,たかぎ ゆうき,245,323,374,297,410,288,1937,,,2
城南レイクランツ,MF,16,黒田 裕一,くろだ ゆういち,339,378,365,330,239,312,1963,,,2
城南レイクランツ,MF,19,秋山 圭介,あきやま けいすけ,292,246,440,203,434,245,1860,,,2
城南レイクランツ,MF,23,森 広幸,もり ひろゆき,398,222,223,375,439,386,2043,,,2
城南レイクランツ,MF,25,佐藤 博義,さとう ひろよし,355,362,257,366,323,235,1898,,,2
城南レイクランツ,MF,37,南雲 良,なぐも りょう,212,347,478,351,47,254,1689,,,2
城南レイクランツ,FW,7,セバスティアン・ワマン,,474,390,284,210,442,458,2258,,,2
城南レイクランツ,FW,9,グスタヴォ・アルメイダ,,442,403,295,52,416,431,2039,,,2
城南レイクランツ,FW,11,森本 寛和,もりもと ひろかず,442,325,255,193,188,331,1734,,,2
城南レイクランツ,FW,15,山崎 友祐,やまざき ゆうすけ,458,311,366,101,455,434,2125,,,2
城南レイクランツ,FW,20,大野 郁,おおの かおる,436,375,347,137,472,333,2100,,,2
城南レイクランツ,FW,27,高倉 誠司,たかくら せいじ,391,398,320,195,315,471,2090,,,2
,,,,,,,,,チーム計,,50902,,,
team,pos,no,namea,nameb,OFF,PHY,STA,DEF,MEN,TEC,sum,年齢,年俸,div
渡内ユナイテッド,GK,1,佐藤 宏明,さとう ひろあき,22,364,198,320,214,292,1410,,,2
渡内ユナイテッド,GK,21,田中 努,たなか つとむ,76,373,194,403,440,280,1766,,,2
渡内ユナイテッド,GK,36,山田 守,やまだ まもる,57,348,119,409,405,301,1639,,,2
渡内ユナイテッド,DF,2,山本 恵介,やまもと けいすけ,263,318,273,424,314,169,1761,,,2
渡内ユナイテッド,DF,4,橋本 大助,はしもと だいすけ,120,297,252,336,329,317,1651,,,2
渡内ユナイテッド,DF,5,石川 慎平,いしかわ しんぺい,153,364,461,363,27,330,1698,,,2
渡内ユナイテッド,DF,6,片岡 和樹,かたおか かずき,30,344,435,457,46,272,1584,,,2
渡内ユナイテッド,DF,14,後藤 夏樹,ごとう なつき,61,368,386,484,15,103,1417,,,2
渡内ユナイテッド,DF,17,大村 浩司,おおむら こうじ,222,316,281,466,265,302,1852,,,2
渡内ユナイテッド,DF,20,芹澤 達也,せりざわ たつや,238,398,404,310,34,305,1689,,,2
渡内ユナイテッド,DF,22,川瀬 卓也,かわせ たくや,15,318,243,320,92,141,1129,,,2
渡内ユナイテッド,DF,31,石黒 一樹,いしぐろ かずき,131,261,406,427,190,214,1629,,,2
渡内ユナイテッド,MF,3,小松 大貴,こまつ だいき,295,295,345,205,340,295,1775,,,2
渡内ユナイテッド,MF,8,菊地 雅文,きくち まさふみ,222,318,291,387,121,338,1677,,,2
渡内ユナイテッド,MF,13,保坂 渉,ほさか わたる,348,392,281,287,52,282,1642,,,2
渡内ユナイテッド,MF,15,山内 祥,やまうち しょう,201,215,390,244,394,310,1754,,,2
渡内ユナイテッド,MF,16,遠藤 幸博,えんどう ゆきひろ,356,217,348,237,251,252,1661,,,2
渡内ユナイテッド,MF,18,岡田 貞雄,おかだ さだお,208,298,222,379,261,337,1705,,,2
渡内ユナイテッド,MF,23,上田 康孝,うえだ やすたか,356,393,244,333,17,381,1724,,,2
渡内ユナイテッド,MF,25,遠藤 芳夫,えんどう よしお,242,346,300,233,372,255,1748,,,2
渡内ユナイテッド,MF,28,高橋 俊喜,たかはし としき,365,245,393,245,485,221,1954,,,2
渡内ユナイテッド,FW,7,久保田 翔大,くぼた しょうた,439,320,280,23,219,492,1773,,,2
渡内ユナイテッド,FW,9,安部 泰之,あべ やすゆき,401,425,315,112,394,420,2067,,,2
渡内ユナイテッド,FW,10,今井 優人,いまい ゆうと,408,435,390,157,348,439,2177,,,2
渡内ユナイテッド,FW,11,神野 学,かみの まなぶ,467,373,358,19,204,396,1817,,,2
渡内ユナイテッド,FW,19,安西 裕一,あんざい ゆういち,442,298,393,161,168,430,1892,,,2
渡内ユナイテッド,FW,24,森山 伸介,もりやま しんすけ,382,293,230,165,146,410,1626,,,2
,,,,,,,,,チーム計,,46217,,,
team,pos,no,namea,nameb,OFF,PHY,STA,DEF,MEN,TEC,sum,年齢,年俸,div
クラリーダ夏島,GK,1,高桑 宏友,たかくわ ひろとも,53,332,248,378,386,336,1733,,,2
クラリーダ夏島,GK,21,諸 和男,じぇ かずお,100,348,171,349,179,305,1452,,,2
クラリーダ夏島,GK,31,安野 明洋,あんの あきひろ,81,381,212,378,153,369,1574,,,2
クラリーダ夏島,DF,2,岡村 岳史,おかむら たけし,287,255,450,324,99,332,1747,,,2
クラリーダ夏島,DF,3,稲垣 伸太郎,いながき しんたろう,240,498,302,332,267,340,1979,,,2
クラリーダ夏島,DF,5,鳴海 真人,なるみ まさと,155,327,388,346,235,262,1713,,,2
クラリーダ夏島,DF,13,渡部 宏司,わたなべ ひろし,281,370,209,453,31,327,1671,,,2
クラリーダ夏島,DF,15,角田 康幸,つのだ やすゆき,284,313,413,453,402,150,2015,,,2
クラリーダ夏島,DF,16,柳原 真之,やなぎはら まさゆき,222,317,385,407,396,331,2058,,,2
クラリーダ夏島,DF,20,赤坂 宏紀,あかさか ひろき,200,335,470,399,205,110,1719,,,2
クラリーダ夏島,DF,23,中嶌 剛,なかじま ごう,178,345,318,472,96,368,1777,,,2
クラリーダ夏島,DF,24,速水 秀昭,はやみ ひであき,138,257,459,334,40,200,1428,,,2
クラリーダ夏島,MF,4,大仲 満,おおなか みつる,390,336,247,390,340,202,1905,,,2
クラリーダ夏島,MF,6,道下 力,みちした つとむ,398,306,469,335,83,287,1878,,,2
クラリーダ夏島,MF,8,宮田 弦太,みやた げんた,239,229,242,384,239,308,1641,,,2
クラリーダ夏島,MF,10,下山 明秀,しもやま あきひで,384,275,458,273,306,311,2007,,,2
クラリーダ夏島,MF,14,黒坂 陽,くろさか あきら,237,276,219,360,79,287,1458,,,2
クラリーダ夏島,MF,17,平木 秀隆,ひらき ひでたか,319,372,236,304,201,221,1653,,,2
クラリーダ夏島,MF,18,冨田 幸太郎,とみだ こうたろう,359,222,457,241,380,207,1866,,,2
クラリーダ夏島,MF,19,熊谷 康,くまがえ やすし,400,329,448,326,51,291,1845,,,2
クラリーダ夏島,MF,22,楊 恵一郎,よう けいいちろう,215,323,455,323,12,310,1638,,,2
クラリーダ夏島,FW,7,石榑 宏行,いしぐれ ひろゆき,403,362,291,74,185,421,1736,,,2
クラリーダ夏島,FW,9,羽賀 和芳,はが かずよし,491,285,354,211,439,316,2096,,,2
クラリーダ夏島,FW,11,フランチェスコ・エスポジト,,427,443,238,129,312,485,2034,,,2
クラリーダ夏島,FW,30,イ・ソジュン,,466,319,387,43,257,359,1831,,,2
クラリーダ夏島,FW,46,ルーカス・シルヴァ,,388,408,315,196,494,447,2248,,,2
クラリーダ夏島,FW,98,キム・ドユン,,452,341,266,248,106,392,1805,,,2
,,,,,,,,,チーム計,,48507,,,
team,pos,no,namea,nameb,OFF,PHY,STA,DEF,MEN,TEC,sum,年齢,年俸,div
フェリダ虹吹,GK,1,竹中 幸次郎,たけなか こうじろう,63,391,243,380,85,309,1471,,,1
フェリダ虹吹,GK,21,石塚 昌生,いしづか まさお,49,326,173,418,269,336,1571,,,1
フェリダ虹吹,GK,30,河本 伸浩,かわもと のぶひろ,90,301,155,302,303,208,1359,,,1
フェリダ虹吹,DF,2,シン・ジェヒョン,,177,416,484,460,222,269,2028,,,1
フェリダ虹吹,DF,3,仁尾 雄一,にお ゆういち,54,489,201,352,241,260,1597,,,1
フェリダ虹吹,DF,4,笠井 晴男,かさい はるお,66,268,337,326,284,224,1505,,,1
フェリダ虹吹,DF,5,矢部 恒男,やべ つねお,167,298,479,465,192,155,1756,,,1
フェリダ虹吹,DF,13,勝亦 義彦,かつまた よしひこ,78,463,495,364,379,340,2119,,,1
フェリダ虹吹,DF,14,石崎 将美,いしざき まさみ,30,336,291,307,97,224,1285,,,1
フェリダ虹吹,DF,17,碓氷 大,うすい まさる,277,344,285,321,133,361,1721,,,1
フェリダ虹吹,DF,22,土方 孝臣,ひじかた たかおみ,130,449,491,392,375,187,2024,,,1
フェリダ虹吹,DF,24,久野 剛介,くの ごうすけ,247,470,378,310,474,174,2053,,,1
フェリダ虹吹,MF,6,来海 雄太,くるみ ゆうた,388,253,495,290,453,347,2226,,,1
フェリダ虹吹,MF,7,宝田 真生,たからだ まお,361,348,416,208,194,388,1915,,,1
フェリダ虹吹,MF,8,臼杵 辰郎,うすき たつろう,372,221,219,219,13,367,1411,,,1
フェリダ虹吹,MF,15,荒蒔 光雄,あらまき みつお,287,212,499,337,183,256,1774,,,1
フェリダ虹吹,MF,16,川連 晋太郎,かわつれ しんたろう,318,305,413,347,96,363,1842,,,1
フェリダ虹吹,MF,18,浅本 公康,あさもと きみやす,291,385,242,289,125,229,1561,,,1
フェリダ虹吹,MF,20,小肥 高義,こごえ たかよし,312,378,453,325,132,242,1842,,,1
フェリダ虹吹,MF,23,咸 裕己,かん ひろき,233,374,474,302,295,305,1983,,,1
フェリダ虹吹,MF,25,志佐 貞仁,しさ さだひと,355,370,347,372,480,335,2259,,,1
フェリダ虹吹,FW,9,マテウス・コスタ,,483,304,264,77,138,498,1764,,,1
フェリダ虹吹,FW,10,山本 玲雄,やまもと れお,407,291,369,120,110,496,1793,,,1
フェリダ虹吹,FW,11,中谷 千春,なかたに ちはる,391,410,371,126,336,338,1972,,,1
フェリダ虹吹,FW,19,浅原 豊,あさはら ゆたか,441,440,253,114,439,306,1993,,,1
フェリダ虹吹,FW,27,ルイス・カスティージョ,,398,388,311,212,123,355,1787,,,1
フェリダ虹吹,FW,31,富田 高士,とみた たかし,483,328,270,65,135,452,1733,,,1
,,,,,,,,,チーム計,,48344,,,
team,pos,no,namea,nameb,OFF,PHY,STA,DEF,MEN,TEC,sum,年齢,年俸,div
桃浜ロゼルナ,GK,1,浅川 喜一郎,あさかわ きいちろう,72,378,297,429,134,377,1687,,,1
桃浜ロゼルナ,GK,21,牧野内 徹,まきのうち とおる,61,366,208,447,117,382,1581,,,1
桃浜ロゼルナ,GK,30,野沢 雅貴,のざわ まさき,20,319,199,440,424,358,1760,,,1
桃浜ロゼルナ,DF,2,根津 信,ねづ しん,161,398,416,452,162,114,1703,,,1
桃浜ロゼルナ,DF,3,芦沢 岳,あしざわ がく,230,288,374,404,419,357,2072,,,1
桃浜ロゼルナ,DF,4,小堀 榮一,こぼり えいいち,148,308,407,443,424,294,2024,,,1
桃浜ロゼルナ,DF,5,松川 武晴,まつかわ たけはる,270,266,366,493,353,120,1868,,,1
桃浜ロゼルナ,DF,13,有泉 信介,ありいずみ しんすけ,122,414,414,459,469,365,2243,,,1
桃浜ロゼルナ,DF,14,竹縄 健治,たけなわ けんじ,79,375,371,348,381,180,1734,,,1
桃浜ロゼルナ,DF,17,森井 敏彰,もりい としあき,10,278,446,359,101,214,1408,,,1
桃浜ロゼルナ,DF,22,泉谷 忠之,いずたに ただゆき,284,314,238,431,178,328,1773,,,1
桃浜ロゼルナ,DF,24,光森 俊宏,みつもり としひろ,169,258,238,406,111,107,1289,,,1
桃浜ロゼルナ,MF,6,高倉 世紀,たかくら せいき,291,318,242,255,144,280,1530,,,1
桃浜ロゼルナ,MF,7,リアム・スミス,,202,334,369,252,295,351,1803,,,1
桃浜ロゼルナ,MF,8,平澤 秀樹,ひらさわ ひでき,286,242,425,308,494,214,1969,,,1
桃浜ロゼルナ,MF,15,新井 優樹,あらい ゆうき,202,362,417,304,383,200,1868,,,1
桃浜ロゼルナ,MF,16,堀 貴史,ほり たかふみ,284,307,357,327,295,369,1939,,,1
桃浜ロゼルナ,MF,18,山上 龍美,やまがみ たつみ,274,219,426,224,119,370,1632,,,1
桃浜ロゼルナ,MF,20,杉崎 竜之,すぎさき たつゆき,369,258,275,351,12,342,1607,,,1
桃浜ロゼルナ,MF,23,潟渕 勝幸,かたぶち かつゆき,367,387,249,278,101,229,1611,,,1
桃浜ロゼルナ,MF,25,上柳 佳朗,かみやなぎ よしろう,314,284,332,379,192,283,1784,,,1
桃浜ロゼルナ,FW,9,川越 和久,かわごえ かずひさ,409,359,356,124,314,442,2004,,,1
桃浜ロゼルナ,FW,10,マテウス・オリヴェイラ,,497,430,335,116,140,311,1829,,,1
桃浜ロゼルナ,FW,11,石丸 恵介,いしまる けいすけ,413,333,306,56,318,462,1888,,,1
桃浜ロゼルナ,FW,19,朴 隆宏,ぱく たかひろ,410,408,229,122,264,313,1746,,,1
桃浜ロゼルナ,FW,27,ガブリエウ・サントス,,394,369,305,181,119,384,1752,,,1
桃浜ロゼルナ,FW,31,ローガン・トランブレ,,452,396,385,133,472,369,2207,,,1
,,,,,,,,,チーム計,,48311,,,
